group,x_id,y_id,x_label,y_label,iso3c,ATE_X,gain_all_X,pct_group_X,pct_noale_X,ATE_Y,gain_all_Y,pct_group_Y,pct_noale_Y,scenario,frac_x,y_rule,treated_share_X,frac_y,treated_share_Y,gain_X,gain_Y
A,f=1;b=1;l=1;c=1;e=all,f=1;b=0;l=0;c=1;e=all,"Foreign-born, non-native speaker, mother","Native-born, native speaker, mother",AUT,24.755459724977573,1.485580113614816,0.06948775094010262,0.052445447544580484,13.814631762353468,2.623342061501404,0.23904046523196693,0.15089365983457179,Strict parity,0.5,match,0.026222723772290242,0.1737828070512626,0.02622272377229024,0.742790056807408,0.4558917473033599
A,f=1;b=1;l=1;c=1;e=all,f=1;b=0;l=0;c=1;e=all,"Foreign-born, non-native speaker, mother","Native-born, native speaker, mother",BEL,24.755459724977573,0.5555596095244937,0.0317959825970903,0.02095078284273099,13.814631762353468,2.3396919650426184,0.3186379232854791,0.15020614488097853,Strict parity,0.5,match,0.010475391421365495,0.06974009904632107,0.010475391421365495,0.27777980476224684,0.16317034937995378
A,f=1;b=1;l=1;c=1;e=all,f=1;b=0;l=0;c=1;e=all,"Foreign-born, non-native speaker, mother","Native-born, native speaker, mother",CAN,24.755459724977573,0.9978793414296092,0.07265614434950136,0.03639326675961368,13.814631762353468,1.7551771118288002,0.22191883298823323,0.1065130848915779,Strict parity,0.5,match,0.01819663337980684,0.17083941750752601,0.01819663337980684,0.4989396707148046,0.2998534354073741
A,f=1;b=1;l=1;c=1;e=all,f=1;b=0;l=0;c=1;e=all,"Foreign-born, non-native speaker, mother","Native-born, native speaker, mother",CHE,24.755459724977573,1.0810004408054397,0.07033384070356977,0.045269847496219796,13.814631762353468,1.3101448887460379,0.18978203280290085,0.10126167475713446,Strict parity,0.5,match,0.022634923748109898,0.223529028157962,0.022634923748109898,0.5405002204027198,0.2928554137275231
A,f=1;b=1;l=1;c=1;e=all,f=1;b=0;l=0;c=1;e=all,"Foreign-born, non-native speaker, mother","Native-born, native speaker, mother",CHL,24.755459724977573,0.0339331754505281,0.001286227391553227,0.0012316312979252764,13.814631762353468,3.9803530534142055,0.35832391864832874,0.23962758844979068,Strict parity,0.5,match,6.158156489626382e-4,0.00256988626788134,6.158156489626382e-4,0.01696658772526405,0.010229054653288728
A,f=1;b=1;l=1;c=1;e=all,f=1;b=0;l=0;c=1;e=all,"Foreign-born, non-native speaker, mother","Native-born, native speaker, mother",CZE,24.755459724977573,0.10419558486319147,0.008734106215045796,0.004118034611622505,13.814631762353468,3.626291158093238,0.38984209586931673,0.2525020485143774,Strict parity,0.5,match,0.0020590173058112524,0.008154457826879818,0.0020590173058112524,0.052097792431595735,0.02957043831665849
A,f=1;b=1;l=1;c=1;e=all,f=1;b=0;l=0;c=1;e=all,"Foreign-born, non-native speaker, mother","Native-born, native speaker, mother",DEU,24.755459724977573,1.092690296636647,0.06414661808483274,0.040377976504976903,13.814631762353468,2.4972563967961037,0.28658343734472747,0.15490979065892227,Strict parity,0.5,match,0.020188988252488452,0.13032738709808356,0.020188988252488452,0.5463451483183235,0.32546090110841114
A,f=1;b=1;l=1;c=1;e=all,f=1;b=0;l=0;c=1;e=all,"Foreign-born, non-native speaker, mother","Native-born, native speaker, mother",ESP,24.755459724977573,0.3013200035060777,0.019889961080793665,0.014099827536314878,13.814631762353468,1.7856793391525514,0.2675591343932434,0.17121187651938527,Strict parity,0.5,match,0.007049913768157439,0.041176546344080404,0.007049913768157439,0.15066000175303884,0.07352810806428191
A,f=1;b=1;l=1;c=1;e=all,f=1;b=0;l=0;c=1;e=all,"Foreign-born, non-native speaker, mother","Native-born, native speaker, mother",EST,24.755459724977573,0.09051919267108133,0.005479019343405803,0.0031990826505210587,13.814631762353468,2.397145001458682,0.3448209178201471,0.13812790274886014,Strict parity,0.5,match,0.0015995413252605293,0.011580146324010766,0.0015995413252605293,0.045259596335540664,0.02775928987676254
A,f=1;b=1;l=1;c=1;e=all,f=1;b=0;l=0;c=1;e=all,"Foreign-born, non-native speaker, mother","Native-born, native speaker, mother",FIN,24.755459724977573,0.16984334429889714,0.012574364054746281,0.00632434259442723,13.814631762353468,1.7131038863595336,0.31200879239791096,0.10764309395105798,Strict parity,0.5,match,0.003162171297213615,0.02937644377493792,0.003162171297213615,0.08492167214944857,0.05032489999826848
A,f=1;b=1;l=1;c=1;e=all,f=1;b=0;l=0;c=1;e=all,"Foreign-born, non-native speaker, mother","Native-born, native speaker, mother",FRA,24.755459724977573,0.6349408935874408,0.03086295340996392,0.024088059208986923,13.814631762353468,3.064497957472213,0.31126951935128744,0.19875683595462118,Strict parity,0.5,match,0.012044029604493462,0.06059680688035944,0.012044029604493462,0.3174704467937204,0.18569879091419964
A,f=1;b=1;l=1;c=1;e=all,f=1;b=0;l=0;c=1;e=all,"Foreign-born, non-native speaker, mother","Native-born, native speaker, mother",GBR,24.755459724977573,0.7420150618249295,0.0510339598040062,0.030235570942839088,13.814631762353468,1.8377311798908522,0.27000228029044865,0.13512429674359241,Strict parity,0.5,match,0.015117785471419544,0.11188058576990469,0.015117785471419544,0.37100753091246474,0.20560644089380664
A,f=1;b=1;l=1;c=1;e=all,f=1;b=0;l=0;c=1;e=all,"Foreign-born, non-native speaker, mother","Native-born, native speaker, mother",HRV,24.755459724977573,0.07371971723441106,0.009381353273739861,0.007962335439126356,13.814631762353468,0,0.3419262611273851,0.27797954105336314,Strict parity,0.5,match,0.003981167719563178,0.014321801181760069,0.003981167719563178,0.03685985861720553,0
A,f=1;b=1;l=1;c=1;e=all,f=1;b=0;l=0;c=1;e=all,"Foreign-born, non-native speaker, mother","Native-born, native speaker, mother",HUN,24.755459724977573,0.017981446230947995,0.0015401325369346838,6.530619461948958e-4,13.814631762353468,4.469973365263513,0.35965586948983197,0.2693853490481542,Strict parity,0.5,match,3.265309730974479e-4,0.0012121333778960584,3.265309730974479e-4,0.008990723115473997,0.005418203914342274
A,f=1;b=1;l=1;c=1;e=all,f=1;b=0;l=0;c=1;e=all,"Foreign-born, non-native speaker, mother","Native-born, native speaker, mother",IRL,24.755459724977573,0.4616751121979519,0.04010614006361577,0.020889907616323974,13.814631762353468,1.5418186872086608,0.261887758723253,0.13816121430067432,Strict parity,0.5,match,0.010444953808161987,0.07559975396156465,0.010444953808161987,0.23083755609897594,0.11656111340631736
A,f=1;b=1;l=1;c=1;e=all,f=1;b=0;l=0;c=1;e=all,"Foreign-born, non-native speaker, mother","Native-born, native speaker, mother",ISR,24.755459724977573,1.4708436524002195,0.06248929570624321,0.044955719018603665,13.814631762353468,3.6331211573867677,0.2468480403498402,0.16683462512711322,Strict parity,0.5,match,0.022477859509301833,0.13473138140344484,0.022477859509301836,0.7354218262001098,0.48949543234080156
A,f=1;b=1;l=1;c=1;e=all,f=1;b=0;l=0;c=1;e=all,"Foreign-born, non-native speaker, mother","Native-born, native speaker, mother",ITA,24.755459724977573,0.9663663221539309,0.046817043304425064,0.042605052709769976,13.814631762353468,2.6051139230958142,0.28290452805894223,0.22187918208857357,Strict parity,0.5,match,0.021302526354884988,0.09600957671811264,0.021302526354884988,0.48318316107696546,0.250115885058891
A,f=1;b=1;l=1;c=1;e=all,f=1;b=0;l=0;c=1;e=all,"Foreign-born, non-native speaker, mother","Native-born, native speaker, mother",JPN,24.755459724977573,0.03792252133672491,0.0017488538308913493,0.0017488538308913493,13.814631762353468,2.263088809101589,0.322673234236767,0.21064948493854166,Strict parity,0.5,match,8.744269154456746e-4,0.004151099233405647,8.744269154456748e-4,0.018961260668362456,0.009394306220590506
A,f=1;b=1;l=1;c=1;e=all,f=1;b=0;l=0;c=1;e=all,"Foreign-born, non-native speaker, mother","Native-born, native speaker, mother",KOR,24.755459724977573,0.08413812672131371,0.005587410122664043,0.005165487263283075,13.814631762353468,1.4984516656432447,0.341910794565063,0.2802054636649206,Strict parity,0.5,match,0.0025827436316415374,0.009217320739791398,0.0025827436316415374,0.042069063360656855,0.013811709615308445
A,f=1;b=1;l=1;c=1;e=all,f=1;b=0;l=0;c=1;e=all,"Foreign-born, non-native speaker, mother","Native-born, native speaker, mother",LTU,24.755459724977573,0.06061956690220427,0.004931610878912401,0.0033896838189768274,13.814631762353468,1.7227864167797975,0.3813000945828297,0.24814292878082808,Strict parity,0.5,match,0.0016948419094884137,0.0068301035931810925,0.0016948419094884137,0.030309783451102135,0.011766809695531275
A,f=1;b=1;l=1;c=1;e=all,f=1;b=0;l=0;c=1;e=all,"Foreign-born, non-native speaker, mother","Native-born, native speaker, mother",LVA,24.755459724977573,0.1477295478989049,0.010583865551552005,0.006799105304948221,13.814631762353468,1.9808876329063025,0.34177256949097407,0.18363717267970228,Strict parity,0.5,match,0.0033995526524741105,0.01851233387481721,0.00339955265247411,0.07386477394945246,0.036670853228857825
A,f=1;b=1;l=1;c=1;e=all,f=1;b=0;l=0;c=1;e=all,"Foreign-born, non-native speaker, mother","Native-born, native speaker, mother",NOR,24.755459724977573,0.37022629167432797,0.05938306835972364,0.01956298494810302,13.814631762353468,0.9552803516082236,0.3133599620466475,0.1196492146332445,Strict parity,0.5,match,0.00978149247405151,0.08175141394813407,0.00978149247405151,0.18511314583716398,0.07809551946084294
A,f=1;b=1;l=1;c=1;e=all,f=1;b=0;l=0;c=1;e=all,"Foreign-born, non-native speaker, mother","Native-born, native speaker, mother",NZL,24.755459724977573,1.2775677850052034,0.06655643883804183,0.03584723527646786,13.814631762353468,2.664612325128587,0.23020143112551958,0.10788603066203177,Strict parity,0.5,match,0.01792361763823393,0.16613473985693472,0.01792361763823393,0.6387838925026017,0.44268467545481976
A,f=1;b=1;l=1;c=1;e=all,f=1;b=0;l=0;c=1;e=all,"Foreign-born, non-native speaker, mother","Native-born, native speaker, mother",POL,24.755459724977573,0.011564566472486604,4.791515697296827e-4,4.791515697296827e-4,13.814631762353468,4.1127242403536,0.386839681995514,0.31169564366264924,Strict parity,0.5,match,2.3957578486484134e-4,7.686208958510058e-4,2.3957578486484134e-4,0.005782283236243302,0.0031611257900087315
A,f=1;b=1;l=1;c=1;e=all,f=1;b=0;l=0;c=1;e=all,"Foreign-born, non-native speaker, mother","Native-born, native speaker, mother",PRT,24.755459724977573,0.2481809427681867,0.01312386704328274,0.008597251168693833,13.814631762353468,3.5420539692952673,0.2932876925957865,0.1975859591351641,Strict parity,0.5,match,0.004298625584346917,0.021755723955093002,0.004298625584346917,0.12409047138409335,0.0770599483900293
A,f=1;b=1;l=1;c=1;e=all,f=1;b=0;l=0;c=1;e=all,"Foreign-born, non-native speaker, mother","Native-born, native speaker, mother",SGP,24.755459724977573,1.1536326677385773,0.0870761512802859,0.054628340824151515,13.814631762353468,0.5583166985921082,0.08859441593849013,0.054860561168563526,Strict parity,0.5,match,0.027314170412075758,0.4978835402020543,0.027314170412075758,0.5768163338692887,0.2779766944489621
A,f=1;b=1;l=1;c=1;e=all,f=1;b=0;l=0;c=1;e=all,"Foreign-born, non-native speaker, mother","Native-born, native speaker, mother",SVK,24.755459724977573,0.040154832958791076,0.0033882691529040464,0.0019321460488993549,13.814631762353468,2.4471329008125906,0.3495594254751081,0.2486500160655681,Strict parity,0.5,match,9.660730244496774e-4,0.0038852723186429535,9.660730244496774e-4,0.020077416479395538,0.009507777719567592
A,f=1;b=1;l=1;c=1;e=all,f=1;b=0;l=0;c=1;e=all,"Foreign-born, non-native speaker, mother","Native-born, native speaker, mother",SWE,24.755459724977573,0.7509336201677002,0.07328335531359734,0.03632350919124609,13.814631762353468,1.18025006537016,0.27868040864393795,0.1212669607569605,Strict parity,0.5,match,0.018161754595623046,0.14976671702049393,0.018161754595623046,0.3754668100838501,0.1767621775537122
A,f=1;b=1;l=1;c=1;e=all,f=1;b=0;l=0;c=1;e=all,"Foreign-born, non-native speaker, mother","Native-born, native speaker, mother",USA,24.755459724977573,1.2579323795665687,0.0524035675251267,0.029659796762234274,13.814631762353468,3.4389850298881584,0.27249934850516827,0.10927400636511127,Strict parity,0.5,match,0.014829898381117137,0.1357129556645595,0.014829898381117137,0.6289661897832843,0.46671482289229543
A,f=1;b=1;l=1;c=1;e=all,f=1;b=0;l=0;c=1;e=all,"Foreign-born, non-native speaker, mother","Native-born, native speaker, mother",AUT,24.755459724977573,1.485580113614816,0.06948775094010262,0.052445447544580484,13.814631762353468,2.623342061501404,0.23904046523196693,0.15089365983457179,Limited reach,0.25,match_k,0.013111361886145121,0.1737828070512626,0.02622272377229024,0.371395028403704,0.4558917473033599
A,f=1;b=1;l=1;c=1;e=all,f=1;b=0;l=0;c=1;e=all,"Foreign-born, non-native speaker, mother","Native-born, native speaker, mother",BEL,24.755459724977573,0.5555596095244937,0.0317959825970903,0.02095078284273099,13.814631762353468,2.3396919650426184,0.3186379232854791,0.15020614488097853,Limited reach,0.25,match_k,0.005237695710682748,0.06974009904632107,0.010475391421365495,0.13888990238112342,0.16317034937995378
A,f=1;b=1;l=1;c=1;e=all,f=1;b=0;l=0;c=1;e=all,"Foreign-born, non-native speaker, mother","Native-born, native speaker, mother",CAN,24.755459724977573,0.9978793414296092,0.07265614434950136,0.03639326675961368,13.814631762353468,1.7551771118288002,0.22191883298823323,0.1065130848915779,Limited reach,0.25,match_k,0.00909831668990342,0.17083941750752601,0.01819663337980684,0.2494698353574023,0.2998534354073741
A,f=1;b=1;l=1;c=1;e=all,f=1;b=0;l=0;c=1;e=all,"Foreign-born, non-native speaker, mother","Native-born, native speaker, mother",CHE,24.755459724977573,1.0810004408054397,0.07033384070356977,0.045269847496219796,13.814631762353468,1.3101448887460379,0.18978203280290085,0.10126167475713446,Limited reach,0.25,match_k,0.011317461874054949,0.223529028157962,0.022634923748109898,0.2702501102013599,0.2928554137275231
A,f=1;b=1;l=1;c=1;e=all,f=1;b=0;l=0;c=1;e=all,"Foreign-born, non-native speaker, mother","Native-born, native speaker, mother",CHL,24.755459724977573,0.0339331754505281,0.001286227391553227,0.0012316312979252764,13.814631762353468,3.9803530534142055,0.35832391864832874,0.23962758844979068,Limited reach,0.25,match_k,3.079078244813191e-4,0.00256988626788134,6.158156489626382e-4,0.008483293862632024,0.010229054653288728
A,f=1;b=1;l=1;c=1;e=all,f=1;b=0;l=0;c=1;e=all,"Foreign-born, non-native speaker, mother","Native-born, native speaker, mother",CZE,24.755459724977573,0.10419558486319147,0.008734106215045796,0.004118034611622505,13.814631762353468,3.626291158093238,0.38984209586931673,0.2525020485143774,Limited reach,0.25,match_k,0.0010295086529056262,0.008154457826879818,0.0020590173058112524,0.026048896215797868,0.02957043831665849
A,f=1;b=1;l=1;c=1;e=all,f=1;b=0;l=0;c=1;e=all,"Foreign-born, non-native speaker, mother","Native-born, native speaker, mother",DEU,24.755459724977573,1.092690296636647,0.06414661808483274,0.040377976504976903,13.814631762353468,2.4972563967961037,0.28658343734472747,0.15490979065892227,Limited reach,0.25,match_k,0.010094494126244226,0.13032738709808356,0.020188988252488452,0.27317257415916174,0.32546090110841114
A,f=1;b=1;l=1;c=1;e=all,f=1;b=0;l=0;c=1;e=all,"Foreign-born, non-native speaker, mother","Native-born, native speaker, mother",ESP,24.755459724977573,0.3013200035060777,0.019889961080793665,0.014099827536314878,13.814631762353468,1.7856793391525514,0.2675591343932434,0.17121187651938527,Limited reach,0.25,match_k,0.0035249568840787196,0.041176546344080404,0.007049913768157439,0.07533000087651942,0.07352810806428191
A,f=1;b=1;l=1;c=1;e=all,f=1;b=0;l=0;c=1;e=all,"Foreign-born, non-native speaker, mother","Native-born, native speaker, mother",EST,24.755459724977573,0.09051919267108133,0.005479019343405803,0.0031990826505210587,13.814631762353468,2.397145001458682,0.3448209178201471,0.13812790274886014,Limited reach,0.25,match_k,7.997706626302647e-4,0.011580146324010766,0.0015995413252605293,0.022629798167770332,0.02775928987676254
A,f=1;b=1;l=1;c=1;e=all,f=1;b=0;l=0;c=1;e=all,"Foreign-born, non-native speaker, mother","Native-born, native speaker, mother",FIN,24.755459724977573,0.16984334429889714,0.012574364054746281,0.00632434259442723,13.814631762353468,1.7131038863595336,0.31200879239791096,0.10764309395105798,Limited reach,0.25,match_k,0.0015810856486068075,0.02937644377493792,0.003162171297213615,0.042460836074724284,0.05032489999826848
A,f=1;b=1;l=1;c=1;e=all,f=1;b=0;l=0;c=1;e=all,"Foreign-born, non-native speaker, mother","Native-born, native speaker, mother",FRA,24.755459724977573,0.6349408935874408,0.03086295340996392,0.024088059208986923,13.814631762353468,3.064497957472213,0.31126951935128744,0.19875683595462118,Limited reach,0.25,match_k,0.006022014802246731,0.06059680688035944,0.012044029604493462,0.1587352233968602,0.18569879091419964
A,f=1;b=1;l=1;c=1;e=all,f=1;b=0;l=0;c=1;e=all,"Foreign-born, non-native speaker, mother","Native-born, native speaker, mother",GBR,24.755459724977573,0.7420150618249295,0.0510339598040062,0.030235570942839088,13.814631762353468,1.8377311798908522,0.27000228029044865,0.13512429674359241,Limited reach,0.25,match_k,0.007558892735709772,0.11188058576990469,0.015117785471419544,0.18550376545623237,0.20560644089380664
A,f=1;b=1;l=1;c=1;e=all,f=1;b=0;l=0;c=1;e=all,"Foreign-born, non-native speaker, mother","Native-born, native speaker, mother",HRV,24.755459724977573,0.07371971723441106,0.009381353273739861,0.007962335439126356,13.814631762353468,0,0.3419262611273851,0.27797954105336314,Limited reach,0.25,match_k,0.001990583859781589,0.014321801181760069,0.003981167719563178,0.018429929308602766,0
A,f=1;b=1;l=1;c=1;e=all,f=1;b=0;l=0;c=1;e=all,"Foreign-born, non-native speaker, mother","Native-born, native speaker, mother",HUN,24.755459724977573,0.017981446230947995,0.0015401325369346838,6.530619461948958e-4,13.814631762353468,4.469973365263513,0.35965586948983197,0.2693853490481542,Limited reach,0.25,match_k,1.6326548654872395e-4,0.0012121333778960584,3.265309730974479e-4,0.004495361557736999,0.005418203914342274
A,f=1;b=1;l=1;c=1;e=all,f=1;b=0;l=0;c=1;e=all,"Foreign-born, non-native speaker, mother","Native-born, native speaker, mother",IRL,24.755459724977573,0.4616751121979519,0.04010614006361577,0.020889907616323974,13.814631762353468,1.5418186872086608,0.261887758723253,0.13816121430067432,Limited reach,0.25,match_k,0.005222476904080993,0.07559975396156465,0.010444953808161987,0.11541877804948797,0.11656111340631736
A,f=1;b=1;l=1;c=1;e=all,f=1;b=0;l=0;c=1;e=all,"Foreign-born, non-native speaker, mother","Native-born, native speaker, mother",ISR,24.755459724977573,1.4708436524002195,0.06248929570624321,0.044955719018603665,13.814631762353468,3.6331211573867677,0.2468480403498402,0.16683462512711322,Limited reach,0.25,match_k,0.011238929754650916,0.13473138140344484,0.022477859509301836,0.3677109131000549,0.48949543234080156
A,f=1;b=1;l=1;c=1;e=all,f=1;b=0;l=0;c=1;e=all,"Foreign-born, non-native speaker, mother","Native-born, native speaker, mother",ITA,24.755459724977573,0.9663663221539309,0.046817043304425064,0.042605052709769976,13.814631762353468,2.6051139230958142,0.28290452805894223,0.22187918208857357,Limited reach,0.25,match_k,0.010651263177442494,0.09600957671811264,0.021302526354884988,0.24159158053848273,0.250115885058891
A,f=1;b=1;l=1;c=1;e=all,f=1;b=0;l=0;c=1;e=all,"Foreign-born, non-native speaker, mother","Native-born, native speaker, mother",JPN,24.755459724977573,0.03792252133672491,0.0017488538308913493,0.0017488538308913493,13.814631762353468,2.263088809101589,0.322673234236767,0.21064948493854166,Limited reach,0.25,match_k,4.372134577228373e-4,0.004151099233405647,8.744269154456748e-4,0.009480630334181228,0.009394306220590506
A,f=1;b=1;l=1;c=1;e=all,f=1;b=0;l=0;c=1;e=all,"Foreign-born, non-native speaker, mother","Native-born, native speaker, mother",KOR,24.755459724977573,0.08413812672131371,0.005587410122664043,0.005165487263283075,13.814631762353468,1.4984516656432447,0.341910794565063,0.2802054636649206,Limited reach,0.25,match_k,0.0012913718158207687,0.009217320739791398,0.0025827436316415374,0.021034531680328428,0.013811709615308445
A,f=1;b=1;l=1;c=1;e=all,f=1;b=0;l=0;c=1;e=all,"Foreign-born, non-native speaker, mother","Native-born, native speaker, mother",LTU,24.755459724977573,0.06061956690220427,0.004931610878912401,0.0033896838189768274,13.814631762353468,1.7227864167797975,0.3813000945828297,0.24814292878082808,Limited reach,0.25,match_k,8.474209547442069e-4,0.0068301035931810925,0.0016948419094884137,0.015154891725551067,0.011766809695531275
A,f=1;b=1;l=1;c=1;e=all,f=1;b=0;l=0;c=1;e=all,"Foreign-born, non-native speaker, mother","Native-born, native speaker, mother",LVA,24.755459724977573,0.1477295478989049,0.010583865551552005,0.006799105304948221,13.814631762353468,1.9808876329063025,0.34177256949097407,0.18363717267970228,Limited reach,0.25,match_k,0.0016997763262370552,0.01851233387481721,0.00339955265247411,0.03693238697472623,0.036670853228857825
A,f=1;b=1;l=1;c=1;e=all,f=1;b=0;l=0;c=1;e=all,"Foreign-born, non-native speaker, mother","Native-born, native speaker, mother",NOR,24.755459724977573,0.37022629167432797,0.05938306835972364,0.01956298494810302,13.814631762353468,0.9552803516082236,0.3133599620466475,0.1196492146332445,Limited reach,0.25,match_k,0.004890746237025755,0.08175141394813407,0.00978149247405151,0.09255657291858199,0.07809551946084294
A,f=1;b=1;l=1;c=1;e=all,f=1;b=0;l=0;c=1;e=all,"Foreign-born, non-native speaker, mother","Native-born, native speaker, mother",NZL,24.755459724977573,1.2775677850052034,0.06655643883804183,0.03584723527646786,13.814631762353468,2.664612325128587,0.23020143112551958,0.10788603066203177,Limited reach,0.25,match_k,0.008961808819116965,0.16613473985693472,0.01792361763823393,0.31939194625130085,0.44268467545481976
A,f=1;b=1;l=1;c=1;e=all,f=1;b=0;l=0;c=1;e=all,"Foreign-born, non-native speaker, mother","Native-born, native speaker, mother",POL,24.755459724977573,0.011564566472486604,4.791515697296827e-4,4.791515697296827e-4,13.814631762353468,4.1127242403536,0.386839681995514,0.31169564366264924,Limited reach,0.25,match_k,1.1978789243242067e-4,7.686208958510058e-4,2.3957578486484134e-4,0.002891141618121651,0.0031611257900087315
A,f=1;b=1;l=1;c=1;e=all,f=1;b=0;l=0;c=1;e=all,"Foreign-born, non-native speaker, mother","Native-born, native speaker, mother",PRT,24.755459724977573,0.2481809427681867,0.01312386704328274,0.008597251168693833,13.814631762353468,3.5420539692952673,0.2932876925957865,0.1975859591351641,Limited reach,0.25,match_k,0.0021493127921734584,0.021755723955093002,0.004298625584346917,0.062045235692046674,0.0770599483900293
A,f=1;b=1;l=1;c=1;e=all,f=1;b=0;l=0;c=1;e=all,"Foreign-born, non-native speaker, mother","Native-born, native speaker, mother",SGP,24.755459724977573,1.1536326677385773,0.0870761512802859,0.054628340824151515,13.814631762353468,0.5583166985921082,0.08859441593849013,0.054860561168563526,Limited reach,0.25,match_k,0.013657085206037879,0.4978835402020543,0.027314170412075758,0.28840816693464433,0.2779766944489621
A,f=1;b=1;l=1;c=1;e=all,f=1;b=0;l=0;c=1;e=all,"Foreign-born, non-native speaker, mother","Native-born, native speaker, mother",SVK,24.755459724977573,0.040154832958791076,0.0033882691529040464,0.0019321460488993549,13.814631762353468,2.4471329008125906,0.3495594254751081,0.2486500160655681,Limited reach,0.25,match_k,4.830365122248387e-4,0.0038852723186429535,9.660730244496774e-4,0.010038708239697769,0.009507777719567592
A,f=1;b=1;l=1;c=1;e=all,f=1;b=0;l=0;c=1;e=all,"Foreign-born, non-native speaker, mother","Native-born, native speaker, mother",SWE,24.755459724977573,0.7509336201677002,0.07328335531359734,0.03632350919124609,13.814631762353468,1.18025006537016,0.27868040864393795,0.1212669607569605,Limited reach,0.25,match_k,0.009080877297811523,0.14976671702049393,0.018161754595623046,0.18773340504192504,0.1767621775537122
A,f=1;b=1;l=1;c=1;e=all,f=1;b=0;l=0;c=1;e=all,"Foreign-born, non-native speaker, mother","Native-born, native speaker, mother",USA,24.755459724977573,1.2579323795665687,0.0524035675251267,0.029659796762234274,13.814631762353468,3.4389850298881584,0.27249934850516827,0.10927400636511127,Limited reach,0.25,match_k,0.007414949190558569,0.1357129556645595,0.014829898381117137,0.31448309489164217,0.46671482289229543
A,f=1;b=1;l=1;c=1;e=all,f=1;b=0;l=0;c=1;e=all,"Foreign-born, non-native speaker, mother","Native-born, native speaker, mother",AUT,24.755459724977573,1.485580113614816,0.06948775094010262,0.052445447544580484,13.814631762353468,2.623342061501404,0.23904046523196693,0.15089365983457179,Blank check,0.75,same_share,0.039334085658435367,0.75,0.11317024487592883,1.114185085211112,1.967506546126053
A,f=1;b=1;l=1;c=1;e=all,f=1;b=0;l=0;c=1;e=all,"Foreign-born, non-native speaker, mother","Native-born, native speaker, mother",BEL,24.755459724977573,0.5555596095244937,0.0317959825970903,0.02095078284273099,13.814631762353468,2.3396919650426184,0.3186379232854791,0.15020614488097853,Blank check,0.75,same_share,0.01571308713204824,0.75,0.1126546086607339,0.41666970714337026,1.7547689737819638
A,f=1;b=1;l=1;c=1;e=all,f=1;b=0;l=0;c=1;e=all,"Foreign-born, non-native speaker, mother","Native-born, native speaker, mother",CAN,24.755459724977573,0.9978793414296092,0.07265614434950136,0.03639326675961368,13.814631762353468,1.7551771118288002,0.22191883298823323,0.1065130848915779,Blank check,0.75,same_share,0.027294950069710257,0.75,0.07988481366868343,0.7484095060722069,1.3163828338716002
A,f=1;b=1;l=1;c=1;e=all,f=1;b=0;l=0;c=1;e=all,"Foreign-born, non-native speaker, mother","Native-born, native speaker, mother",CHE,24.755459724977573,1.0810004408054397,0.07033384070356977,0.045269847496219796,13.814631762353468,1.3101448887460379,0.18978203280290085,0.10126167475713446,Blank check,0.75,same_share,0.03395238562216485,0.75,0.07594625606785085,0.8107503306040797,0.9826086665595284
A,f=1;b=1;l=1;c=1;e=all,f=1;b=0;l=0;c=1;e=all,"Foreign-born, non-native speaker, mother","Native-born, native speaker, mother",CHL,24.755459724977573,0.0339331754505281,0.001286227391553227,0.0012316312979252764,13.814631762353468,3.9803530534142055,0.35832391864832874,0.23962758844979068,Blank check,0.75,same_share,9.237234734439573e-4,0.75,0.179720691337343,0.025449881587896073,2.985264790060654
A,f=1;b=1;l=1;c=1;e=all,f=1;b=0;l=0;c=1;e=all,"Foreign-born, non-native speaker, mother","Native-born, native speaker, mother",CZE,24.755459724977573,0.10419558486319147,0.008734106215045796,0.004118034611622505,13.814631762353468,3.626291158093238,0.38984209586931673,0.2525020485143774,Blank check,0.75,same_share,0.0030885259587168784,0.75,0.18937653638578306,0.0781466886473936,2.7197183685699287
A,f=1;b=1;l=1;c=1;e=all,f=1;b=0;l=0;c=1;e=all,"Foreign-born, non-native speaker, mother","Native-born, native speaker, mother",DEU,24.755459724977573,1.092690296636647,0.06414661808483274,0.040377976504976903,13.814631762353468,2.4972563967961037,0.28658343734472747,0.15490979065892227,Blank check,0.75,same_share,0.030283482378732678,0.75,0.1161823429941917,0.8195177224774852,1.8729422975970778
A,f=1;b=1;l=1;c=1;e=all,f=1;b=0;l=0;c=1;e=all,"Foreign-born, non-native speaker, mother","Native-born, native speaker, mother",ESP,24.755459724977573,0.3013200035060777,0.019889961080793665,0.014099827536314878,13.814631762353468,1.7856793391525514,0.2675591343932434,0.17121187651938527,Blank check,0.75,same_share,0.01057487065223616,0.75,0.12840890738953895,0.22599000262955826,1.3392595043644135
A,f=1;b=1;l=1;c=1;e=all,f=1;b=0;l=0;c=1;e=all,"Foreign-born, non-native speaker, mother","Native-born, native speaker, mother",EST,24.755459724977573,0.09051919267108133,0.005479019343405803,0.0031990826505210587,13.814631762353468,2.397145001458682,0.3448209178201471,0.13812790274886014,Blank check,0.75,same_share,0.002399311987890794,0.75,0.10359592706164511,0.067889394503311,1.7978587510940116
A,f=1;b=1;l=1;c=1;e=all,f=1;b=0;l=0;c=1;e=all,"Foreign-born, non-native speaker, mother","Native-born, native speaker, mother",FIN,24.755459724977573,0.16984334429889714,0.012574364054746281,0.00632434259442723,13.814631762353468,1.7131038863595336,0.31200879239791096,0.10764309395105798,Blank check,0.75,same_share,0.004743256945820422,0.75,0.08073232046329348,0.12738250822417285,1.2848279147696502
A,f=1;b=1;l=1;c=1;e=all,f=1;b=0;l=0;c=1;e=all,"Foreign-born, non-native speaker, mother","Native-born, native speaker, mother",FRA,24.755459724977573,0.6349408935874408,0.03086295340996392,0.024088059208986923,13.814631762353468,3.064497957472213,0.31126951935128744,0.19875683595462118,Blank check,0.75,same_share,0.018066044406740193,0.75,0.14906762696596587,0.4762056701905806,2.2983734681041597
A,f=1;b=1;l=1;c=1;e=all,f=1;b=0;l=0;c=1;e=all,"Foreign-born, non-native speaker, mother","Native-born, native speaker, mother",GBR,24.755459724977573,0.7420150618249295,0.0510339598040062,0.030235570942839088,13.814631762353468,1.8377311798908522,0.27000228029044865,0.13512429674359241,Blank check,0.75,same_share,0.022676678207129316,0.75,0.10134322255769432,0.5565112963686971,1.3782983849181392
A,f=1;b=1;l=1;c=1;e=all,f=1;b=0;l=0;c=1;e=all,"Foreign-born, non-native speaker, mother","Native-born, native speaker, mother",HRV,24.755459724977573,0.07371971723441106,0.009381353273739861,0.007962335439126356,13.814631762353468,0,0.3419262611273851,0.27797954105336314,Blank check,0.75,same_share,0.0059717515793447674,0.75,0.20848465579002234,0.0552897879258083,0
A,f=1;b=1;l=1;c=1;e=all,f=1;b=0;l=0;c=1;e=all,"Foreign-born, non-native speaker, mother","Native-born, native speaker, mother",HUN,24.755459724977573,0.017981446230947995,0.0015401325369346838,6.530619461948958e-4,13.814631762353468,4.469973365263513,0.35965586948983197,0.2693853490481542,Blank check,0.75,same_share,4.897964596461718e-4,0.75,0.20203901178611566,0.013486084673210996,3.352480023947635
A,f=1;b=1;l=1;c=1;e=all,f=1;b=0;l=0;c=1;e=all,"Foreign-born, non-native speaker, mother","Native-born, native speaker, mother",IRL,24.755459724977573,0.4616751121979519,0.04010614006361577,0.020889907616323974,13.814631762353468,1.5418186872086608,0.261887758723253,0.13816121430067432,Blank check,0.75,same_share,0.01566743071224298,0.75,0.10362091072550575,0.3462563341484639,1.1563640154064956
A,f=1;b=1;l=1;c=1;e=all,f=1;b=0;l=0;c=1;e=all,"Foreign-born, non-native speaker, mother","Native-born, native speaker, mother",ISR,24.755459724977573,1.4708436524002195,0.06248929570624321,0.044955719018603665,13.814631762353468,3.6331211573867677,0.2468480403498402,0.16683462512711322,Blank check,0.75,same_share,0.033716789263952746,0.75,0.12512596884533492,1.1031327393001646,2.7248408680400757
A,f=1;b=1;l=1;c=1;e=all,f=1;b=0;l=0;c=1;e=all,"Foreign-born, non-native speaker, mother","Native-born, native speaker, mother",ITA,24.755459724977573,0.9663663221539309,0.046817043304425064,0.042605052709769976,13.814631762353468,2.6051139230958142,0.28290452805894223,0.22187918208857357,Blank check,0.75,same_share,0.031953789532327484,0.75,0.16640938656643017,0.7247747416154482,1.9538354423218607
A,f=1;b=1;l=1;c=1;e=all,f=1;b=0;l=0;c=1;e=all,"Foreign-born, non-native speaker, mother","Native-born, native speaker, mother",JPN,24.755459724977573,0.03792252133672491,0.0017488538308913493,0.0017488538308913493,13.814631762353468,2.263088809101589,0.322673234236767,0.21064948493854166,Blank check,0.75,same_share,0.001311640373168512,0.75,0.15798711370390625,0.028441891002543684,1.6973166068261918
A,f=1;b=1;l=1;c=1;e=all,f=1;b=0;l=0;c=1;e=all,"Foreign-born, non-native speaker, mother","Native-born, native speaker, mother",KOR,24.755459724977573,0.08413812672131371,0.005587410122664043,0.005165487263283075,13.814631762353468,1.4984516656432447,0.341910794565063,0.2802054636649206,Blank check,0.75,same_share,0.003874115447462306,0.75,0.21015409774869045,0.06310359504098528,1.1238387492324335
A,f=1;b=1;l=1;c=1;e=all,f=1;b=0;l=0;c=1;e=all,"Foreign-born, non-native speaker, mother","Native-born, native speaker, mother",LTU,24.755459724977573,0.06061956690220427,0.004931610878912401,0.0033896838189768274,13.814631762353468,1.7227864167797975,0.3813000945828297,0.24814292878082808,Blank check,0.75,same_share,0.0025422628642326204,0.75,0.18610719658562105,0.0454646751766532,1.2920898125848481
A,f=1;b=1;l=1;c=1;e=all,f=1;b=0;l=0;c=1;e=all,"Foreign-born, non-native speaker, mother","Native-born, native speaker, mother",LVA,24.755459724977573,0.1477295478989049,0.010583865551552005,0.006799105304948221,13.814631762353468,1.9808876329063025,0.34177256949097407,0.18363717267970228,Blank check,0.75,same_share,0.005099328978711166,0.75,0.13772787950977672,0.11079716092417868,1.485665724679727
A,f=1;b=1;l=1;c=1;e=all,f=1;b=0;l=0;c=1;e=all,"Foreign-born, non-native speaker, mother","Native-born, native speaker, mother",NOR,24.755459724977573,0.37022629167432797,0.05938306835972364,0.01956298494810302,13.814631762353468,0.9552803516082236,0.3133599620466475,0.1196492146332445,Blank check,0.75,same_share,0.014672238711077267,0.75,0.08973691097493337,0.277669718755746,0.7164602637061677
A,f=1;b=1;l=1;c=1;e=all,f=1;b=0;l=0;c=1;e=all,"Foreign-born, non-native speaker, mother","Native-born, native speaker, mother",NZL,24.755459724977573,1.2775677850052034,0.06655643883804183,0.03584723527646786,13.814631762353468,2.664612325128587,0.23020143112551958,0.10788603066203177,Blank check,0.75,same_share,0.026885426457350897,0.75,0.08091452299652382,0.9581758387539026,1.9984592438464404
A,f=1;b=1;l=1;c=1;e=all,f=1;b=0;l=0;c=1;e=all,"Foreign-born, non-native speaker, mother","Native-born, native speaker, mother",POL,24.755459724977573,0.011564566472486604,4.791515697296827e-4,4.791515697296827e-4,13.814631762353468,4.1127242403536,0.386839681995514,0.31169564366264924,Blank check,0.75,same_share,3.59363677297262e-4,0.75,0.23377173274698693,0.008673424854364953,3.0845431802652
A,f=1;b=1;l=1;c=1;e=all,f=1;b=0;l=0;c=1;e=all,"Foreign-born, non-native speaker, mother","Native-born, native speaker, mother",PRT,24.755459724977573,0.2481809427681867,0.01312386704328274,0.008597251168693833,13.814631762353468,3.5420539692952673,0.2932876925957865,0.1975859591351641,Blank check,0.75,same_share,0.006447938376520375,0.75,0.1481894693513731,0.18613570707614002,2.6565404769714505
A,f=1;b=1;l=1;c=1;e=all,f=1;b=0;l=0;c=1;e=all,"Foreign-born, non-native speaker, mother","Native-born, native speaker, mother",SGP,24.755459724977573,1.1536326677385773,0.0870761512802859,0.054628340824151515,13.814631762353468,0.5583166985921082,0.08859441593849013,0.054860561168563526,Blank check,0.75,same_share,0.040971255618113635,0.75,0.041145420876422645,0.865224500803933,0.41873752394408115
A,f=1;b=1;l=1;c=1;e=all,f=1;b=0;l=0;c=1;e=all,"Foreign-born, non-native speaker, mother","Native-born, native speaker, mother",SVK,24.755459724977573,0.040154832958791076,0.0033882691529040464,0.0019321460488993549,13.814631762353468,2.4471329008125906,0.3495594254751081,0.2486500160655681,Blank check,0.75,same_share,0.001449109536674516,0.75,0.18648751204917607,0.030116124719093307,1.835349675609443
A,f=1;b=1;l=1;c=1;e=all,f=1;b=0;l=0;c=1;e=all,"Foreign-born, non-native speaker, mother","Native-born, native speaker, mother",SWE,24.755459724977573,0.7509336201677002,0.07328335531359734,0.03632350919124609,13.814631762353468,1.18025006537016,0.27868040864393795,0.1212669607569605,Blank check,0.75,same_share,0.02724263189343457,0.75,0.09095022056772037,0.5632002151257751,0.88518754902762
A,f=1;b=1;l=1;c=1;e=all,f=1;b=0;l=0;c=1;e=all,"Foreign-born, non-native speaker, mother","Native-born, native speaker, mother",USA,24.755459724977573,1.2579323795665687,0.0524035675251267,0.029659796762234274,13.814631762353468,3.4389850298881584,0.27249934850516827,0.10927400636511127,Blank check,0.75,same_share,0.022244847571675705,0.75,0.08195550477383345,0.9434492846749265,2.5792387724161188
B,f=0;b=1;l=1;c=0;e=all,f=0;b=0;l=0;c=0;e=all,"Foreign-born, non-native speaker, man without children","Native-born, native speaker, man without children",AUT,25.75815839985071,0.7485319576497602,0.033354831072694206,0.025521995408710467,18.670284452308223,2.3551284204633305,0.16338015945129908,0.10589119417474616,Strict parity,0.5,match,0.012760997704355233,0.12051047118513454,0.012760997704355233,0.3742659788248801,0.2838176356515376
B,f=0;b=1;l=1;c=0;e=all,f=0;b=0;l=0;c=0;e=all,"Foreign-born, non-native speaker, man without children","Native-born, native speaker, man without children",BEL,25.75815839985071,0.07705932330480891,0.00656758316193447,0.002800114019293639,18.670284452308223,1.5585647987332436,0.15195170857411627,0.07627986150659997,Strict parity,0.5,match,0.0014000570096468195,0.018354215411438342,0.0014000570096468195,0.03852966165240446,0.028606234048634997
B,f=0;b=1;l=1;c=0;e=all,f=0;b=0;l=0;c=0;e=all,"Foreign-born, non-native speaker, man without children","Native-born, native speaker, man without children",CAN,25.75815839985071,0.3604039029651176,0.030639675226837013,0.012680438296971009,18.670284452308223,1.5925258791479564,0.1438174500537588,0.07464674278656243,Strict parity,0.5,match,0.0063402191484855045,0.0849363135189181,0.0063402191484855045,0.1802019514825588,0.13526327735830151
B,f=0;b=1;l=1;c=0;e=all,f=0;b=0;l=0;c=0;e=all,"Foreign-born, non-native speaker, man without children","Native-born, native speaker, man without children",CHE,25.75815839985071,0.3424581252164103,0.022902911077941943,0.01376343299122466,18.670284452308223,1.350807626484027,0.13705295749758345,0.07591424038753872,Strict parity,0.5,match,0.00688171649561233,0.09065119351101299,0.006881716495612329,0.17122906260820514,0.12245232354455568
B,f=0;b=1;l=1;c=0;e=all,f=0;b=0;l=0;c=0;e=all,"Foreign-born, non-native speaker, man without children","Native-born, native speaker, man without children",CHL,25.75815839985071,0.01178064988641836,5.20395877820984e-4,4.1257288616420305e-4,18.670284452308223,1.8339288961321927,0.1465237010362391,0.08543320036258137,Strict parity,0.5,match,2.0628644308210152e-4,0.0024145934157518965,2.062864430821015e-4,0.00589032494320918,0.004428192637557936
B,f=0;b=1;l=1;c=0;e=all,f=0;b=0;l=0;c=0;e=all,"Foreign-born, non-native speaker, man without children","Native-born, native speaker, man without children",CZE,25.75815839985071,0.0646711802942832,0.004302516814283205,0.0024585166486034747,18.670284452308223,1.6256697761698433,0.14792754239106445,0.08459502309005817,Strict parity,0.5,match,0.0012292583243017374,0.014531095085736823,0.0012292583243017374,0.0323355901471416,0.02362276209553249
B,f=0;b=1;l=1;c=0;e=all,f=0;b=0;l=0;c=0;e=all,"Foreign-born, non-native speaker, man without children","Native-born, native speaker, man without children",DEU,25.75815839985071,0.3687870788896248,0.022364390528472753,0.013140818116397222,18.670284452308223,1.5930933448497626,0.13957091784303555,0.07594705914383842,Strict parity,0.5,match,0.006570409058198611,0.08651301488520728,0.006570409058198611,0.1843935394448124,0.13782330825651218
B,f=0;b=1;l=1;c=0;e=all,f=0;b=0;l=0;c=0;e=all,"Foreign-born, non-native speaker, man without children","Native-born, native speaker, man without children",ESP,25.75815839985071,0.08236911115452017,0.007011958411749988,0.0036816016598800873,18.670284452308223,1.3737646706425437,0.15378108271695198,0.08987489604106122,Strict parity,0.5,match,0.0018408008299400436,0.020481813176162513,0.0018408008299400438,0.041184555577260085,0.028137191332113006
B,f=0;b=1;l=1;c=0;e=all,f=0;b=0;l=0;c=0;e=all,"Foreign-born, non-native speaker, man without children","Native-born, native speaker, man without children",EST,25.75815839985071,0.023732855114815266,0.0033184593341876994,8.100487488025534e-4,18.670284452308223,1.4882504220142891,0.13353642343821404,0.0670075685836489,Strict parity,0.5,match,4.050243744012767e-4,0.006044457110776442,4.050243744012767e-4,0.011866427557407633,0.00899566584596031
B,f=0;b=1;l=1;c=0;e=all,f=0;b=0;l=0;c=0;e=all,"Foreign-born, non-native speaker, man without children","Native-born, native speaker, man without children",FIN,25.75815839985071,0.1047597112733456,0.007096434413994974,0.0037604633105293634,18.670284452308223,1.6304146056988316,0.177512709536304,0.07849733221828671,Strict parity,0.5,match,0.0018802316552646817,0.023952809632257332,0.0018802316552646817,0.0523798556366728,0.03905301067195601
B,f=0;b=1;l=1;c=0;e=all,f=0;b=0;l=0;c=0;e=all,"Foreign-born, non-native speaker, man without children","Native-born, native speaker, man without children",FRA,25.75815839985071,0.22478913132115963,0.012208197649528412,0.008215420326416702,18.670284452308223,2.0482730484855836,0.16517768021854126,0.10102964714533078,Strict parity,0.5,match,0.004107710163208351,0.040658462929197656,0.004107710163208351,0.11239456566057981,0.08327963381072577
B,f=0;b=1;l=1;c=0;e=all,f=0;b=0;l=0;c=0;e=all,"Foreign-born, non-native speaker, man without children","Native-born, native speaker, man without children",GBR,25.75815839985071,0.3070069959324542,0.026066890126653957,0.012018832647405043,18.670284452308223,1.2789997807551572,0.15442582350464865,0.06930011666890644,Strict parity,0.5,match,0.0060094163237025214,0.08671581827796294,0.0060094163237025214,0.1535034979662271,0.11090951256551866
B,f=0;b=1;l=1;c=0;e=all,f=0;b=0;l=0;c=0;e=all,"Foreign-born, non-native speaker, man without children","Native-born, native speaker, man without children",HRV,25.75815839985071,0.016375925020668092,0.0015958991184130227,0.0015958991184130227,18.670284452308223,0.44614161715836076,0.16537482482424634,0.14058880902053925,Strict parity,0.5,match,7.979495592065113e-4,0.005675768681488264,7.979495592065113e-4,0.008187962510334046,0.002532196618175951
B,f=0;b=1;l=1;c=0;e=all,f=0;b=0;l=0;c=0;e=all,"Foreign-born, non-native speaker, man without children","Native-born, native speaker, man without children",HUN,25.75815839985071,0.006286682744075733,4.793261945374396e-4,2.2030122660869733e-4,18.670284452308223,2.5300844405308283,0.1707118025648846,0.11795879260537595,Strict parity,0.5,match,1.1015061330434867e-4,9.338058729784639e-4,1.1015061330434867e-4,0.0031433413720378667,0.0023626077096991186
B,f=0;b=1;l=1;c=0;e=all,f=0;b=0;l=0;c=0;e=all,"Foreign-born, non-native speaker, man without children","Native-born, native speaker, man without children",IRL,25.75815839985071,0.25789627955913375,0.026102620889107964,0.011162848377015531,18.670284452308223,1.0224699447383614,0.13659451045816481,0.06384366000232011,Strict parity,0.5,match,0.005581424188507766,0.08742331170087889,0.005581424188507766,0.12894813977956687,0.08938770868364218
B,f=0;b=1;l=1;c=0;e=all,f=0;b=0;l=0;c=0;e=all,"Foreign-born, non-native speaker, man without children","Native-born, native speaker, man without children",ISR,25.75815839985071,0.4755550623060856,0.020100940310828864,0.014102927592233128,18.670284452308223,3.376189764679708,0.18402062566315502,0.12676985349079067,Strict parity,0.5,match,0.007051463796116564,0.055624137773645256,0.007051463796116564,0.2377775311530428,0.18779764462051504
B,f=0;b=1;l=1;c=0;e=all,f=0;b=0;l=0;c=0;e=all,"Foreign-born, non-native speaker, man without children","Native-born, native speaker, man without children",ITA,25.75815839985071,0.3124026970866396,0.016455546137866595,0.013190083632608903,18.670284452308223,2.2639387693744766,0.18335837409015723,0.13640823205565064,Strict parity,0.5,match,0.006595041816304451,0.04834782855050759,0.006595041816304451,0.1562013485433198,0.10945652347056435
B,f=0;b=1;l=1;c=0;e=all,f=0;b=0;l=0;c=0;e=all,"Foreign-born, non-native speaker, man without children","Native-born, native speaker, man without children",JPN,25.75815839985071,0.020008750747308568,0.001693238466589091,8.819512255791148e-4,18.670284452308223,2.3686895362691303,0.23587508868253593,0.1518484263326007,Strict parity,0.5,match,4.409756127895574e-4,0.002904051253212647,4.409756127895574e-4,0.010004375373654284,0.006878795816274051
B,f=0;b=1;l=1;c=0;e=all,f=0;b=0;l=0;c=0;e=all,"Foreign-born, non-native speaker, man without children","Native-born, native speaker, man without children",KOR,25.75815839985071,0.009777145473407245,5.654400302929523e-4,5.654400302929523e-4,18.670284452308223,1.7703171091139893,0.19871635455702072,0.17350365881934984,Strict parity,0.5,match,2.8272001514647617e-4,0.0016294758108867389,2.8272001514647617e-4,0.0048885727367036225,0.002884688906900185
B,f=0;b=1;l=1;c=0;e=all,f=0;b=0;l=0;c=0;e=all,"Foreign-born, non-native speaker, man without children","Native-born, native speaker, man without children",LTU,25.75815839985071,0.0335026055411447,0.002328744442452973,0.0017739156676475243,18.670284452308223,1.1575915243595034,0.14070773670330028,0.09811452271952066,Strict parity,0.5,match,8.869578338237622e-4,0.00904002597412926,8.869578338237622e-4,0.01675130277057235,0.010464657447641796
B,f=0;b=1;l=1;c=0;e=all,f=0;b=0;l=0;c=0;e=all,"Foreign-born, non-native speaker, man without children","Native-born, native speaker, man without children",LVA,25.75815839985071,0.0120550161485653,0.0013885603750897026,5.303456120395695e-4,18.670284452308223,1.1432125490506166,0.12600171572248361,0.07308320257256869,Strict parity,0.5,match,2.6517280601978476e-4,0.003628368717920904,2.6517280601978476e-4,0.00602750807428265,0.004147996650909875
B,f=0;b=1;l=1;c=0;e=all,f=0;b=0;l=0;c=0;e=all,"Foreign-born, non-native speaker, man without children","Native-born, native speaker, man without children",NOR,25.75815839985071,0.1287899031769939,0.023784623433180004,0.0064629118463744705,18.670284452308223,0.582176380020428,0.13319998921983098,0.04534203586282911,Strict parity,0.5,match,0.0032314559231872353,0.0712684347249689,0.0032314559231872353,0.06439495158849695,0.04149079933790456
B,f=0;b=1;l=1;c=0;e=all,f=0;b=0;l=0;c=0;e=all,"Foreign-born, non-native speaker, man without children","Native-born, native speaker, man without children",NZL,25.75815839985071,0.39845931450719263,0.02395610105255435,0.010874409523228427,18.670284452308223,1.843474757132924,0.12636839949321502,0.06237637811974518,Strict parity,0.5,match,0.005437204761614214,0.08716768952465151,0.005437204761614214,0.19922965725359632,0.16069143527629506
B,f=0;b=1;l=1;c=0;e=all,f=0;b=0;l=0;c=0;e=all,"Foreign-born, non-native speaker, man without children","Native-born, native speaker, man without children",POL,25.75815839985071,0.003900927011841304,1.551792093051223e-4,1.551792093051223e-4,18.670284452308223,2.612254497736785,0.1826773500187754,0.1447205743481716,Strict parity,0.5,match,7.758960465256115e-5,5.361338911348884e-4,7.758960465256115e-5,0.001950463505920652,0.001400518168506236
B,f=0;b=1;l=1;c=0;e=all,f=0;b=0;l=0;c=0;e=all,"Foreign-born, non-native speaker, man without children","Native-born, native speaker, man without children",PRT,25.75815839985071,0.05429227187406127,0.0037971942226776322,0.0018176081076086343,18.670284452308223,1.7226547025447587,0.11129582317464523,0.07561372815043876,Strict parity,0.5,match,9.088040538043172e-4,0.012019035114843013,9.088040538043172e-4,0.027146135937030635,0.0207046473606349
B,f=0;b=1;l=1;c=0;e=all,f=0;b=0;l=0;c=0;e=all,"Foreign-born, non-native speaker, man without children","Native-born, native speaker, man without children",SGP,25.75815839985071,0.18193824467510922,0.019087407942126624,0.008224855247745428,18.670284452308223,0.6465926623494056,0.08879132401529492,0.043012505768425795,Strict parity,0.5,match,0.004112427623872714,0.09561004527412409,0.004112427623872714,0.09096912233755461,0.0618207537211431
B,f=0;b=1;l=1;c=0;e=all,f=0;b=0;l=0;c=0;e=all,"Foreign-born, non-native speaker, man without children","Native-born, native speaker, man without children",SVK,25.75815839985071,0.017540519426603396,0.0017227708855923776,8.051575053632498e-4,18.670284452308223,2.124685250217965,0.20008677911541786,0.14456268155644647,Strict parity,0.5,match,4.025787526816249e-4,0.002784804130272255,4.025787526816249e-4,0.008770259713301698,0.005916832260335528
B,f=0;b=1;l=1;c=0;e=all,f=0;b=0;l=0;c=0;e=all,"Foreign-born, non-native speaker, man without children","Native-born, native speaker, man without children",SWE,25.75815839985071,0.4483658761158722,0.032435905206551395,0.020684721405463336,18.670284452308223,0.8773259320443572,0.12019291829425682,0.06013895965978226,Strict parity,0.5,match,0.010342360702731668,0.17197438667446868,0.010342360702731668,0.2241829380579361,0.1508775890769349
B,f=0;b=1;l=1;c=0;e=all,f=0;b=0;l=0;c=0;e=all,"Foreign-born, non-native speaker, man without children","Native-born, native speaker, man without children",USA,25.75815839985071,0.3306848858500189,0.019435725217877207,0.0076168813506388685,18.670284452308223,2.271025051612014,0.15213956368068965,0.0625164129746054,Strict parity,0.5,match,0.0038084406753194342,0.060919052999193174,0.0038084406753194342,0.16534244292500944,0.1383486954816477
B,f=0;b=1;l=1;c=0;e=all,f=0;b=0;l=0;c=0;e=all,"Foreign-born, non-native speaker, man without children","Native-born, native speaker, man without children",AUT,25.75815839985071,0.7485319576497602,0.033354831072694206,0.025521995408710467,18.670284452308223,2.3551284204633305,0.16338015945129908,0.10589119417474616,Limited reach,0.25,match_k,0.006380498852177617,0.12051047118513454,0.012760997704355233,0.18713298941244005,0.2838176356515376
B,f=0;b=1;l=1;c=0;e=all,f=0;b=0;l=0;c=0;e=all,"Foreign-born, non-native speaker, man without children","Native-born, native speaker, man without children",BEL,25.75815839985071,0.07705932330480891,0.00656758316193447,0.002800114019293639,18.670284452308223,1.5585647987332436,0.15195170857411627,0.07627986150659997,Limited reach,0.25,match_k,7.000285048234097e-4,0.018354215411438342,0.0014000570096468195,0.01926483082620223,0.028606234048634997
B,f=0;b=1;l=1;c=0;e=all,f=0;b=0;l=0;c=0;e=all,"Foreign-born, non-native speaker, man without children","Native-born, native speaker, man without children",CAN,25.75815839985071,0.3604039029651176,0.030639675226837013,0.012680438296971009,18.670284452308223,1.5925258791479564,0.1438174500537588,0.07464674278656243,Limited reach,0.25,match_k,0.0031701095742427523,0.0849363135189181,0.0063402191484855045,0.0901009757412794,0.13526327735830151
B,f=0;b=1;l=1;c=0;e=all,f=0;b=0;l=0;c=0;e=all,"Foreign-born, non-native speaker, man without children","Native-born, native speaker, man without children",CHE,25.75815839985071,0.3424581252164103,0.022902911077941943,0.01376343299122466,18.670284452308223,1.350807626484027,0.13705295749758345,0.07591424038753872,Limited reach,0.25,match_k,0.003440858247806165,0.09065119351101299,0.006881716495612329,0.08561453130410257,0.12245232354455568
B,f=0;b=1;l=1;c=0;e=all,f=0;b=0;l=0;c=0;e=all,"Foreign-born, non-native speaker, man without children","Native-born, native speaker, man without children",CHL,25.75815839985071,0.01178064988641836,5.20395877820984e-4,4.1257288616420305e-4,18.670284452308223,1.8339288961321927,0.1465237010362391,0.08543320036258137,Limited reach,0.25,match_k,1.0314322154105076e-4,0.0024145934157518965,2.062864430821015e-4,0.00294516247160459,0.004428192637557936
B,f=0;b=1;l=1;c=0;e=all,f=0;b=0;l=0;c=0;e=all,"Foreign-born, non-native speaker, man without children","Native-born, native speaker, man without children",CZE,25.75815839985071,0.0646711802942832,0.004302516814283205,0.0024585166486034747,18.670284452308223,1.6256697761698433,0.14792754239106445,0.08459502309005817,Limited reach,0.25,match_k,6.146291621508687e-4,0.014531095085736823,0.0012292583243017374,0.0161677950735708,0.02362276209553249
B,f=0;b=1;l=1;c=0;e=all,f=0;b=0;l=0;c=0;e=all,"Foreign-born, non-native speaker, man without children","Native-born, native speaker, man without children",DEU,25.75815839985071,0.3687870788896248,0.022364390528472753,0.013140818116397222,18.670284452308223,1.5930933448497626,0.13957091784303555,0.07594705914383842,Limited reach,0.25,match_k,0.0032852045290993055,0.08651301488520728,0.006570409058198611,0.0921967697224062,0.13782330825651218
B,f=0;b=1;l=1;c=0;e=all,f=0;b=0;l=0;c=0;e=all,"Foreign-born, non-native speaker, man without children","Native-born, native speaker, man without children",ESP,25.75815839985071,0.08236911115452017,0.007011958411749988,0.0036816016598800873,18.670284452308223,1.3737646706425437,0.15378108271695198,0.08987489604106122,Limited reach,0.25,match_k,9.204004149700218e-4,0.020481813176162513,0.0018408008299400438,0.020592277788630042,0.028137191332113006
B,f=0;b=1;l=1;c=0;e=all,f=0;b=0;l=0;c=0;e=all,"Foreign-born, non-native speaker, man without children","Native-born, native speaker, man without children",EST,25.75815839985071,0.023732855114815266,0.0033184593341876994,8.100487488025534e-4,18.670284452308223,1.4882504220142891,0.13353642343821404,0.0670075685836489,Limited reach,0.25,match_k,2.0251218720063836e-4,0.006044457110776442,4.050243744012767e-4,0.005933213778703816,0.00899566584596031
B,f=0;b=1;l=1;c=0;e=all,f=0;b=0;l=0;c=0;e=all,"Foreign-born, non-native speaker, man without children","Native-born, native speaker, man without children",FIN,25.75815839985071,0.1047597112733456,0.007096434413994974,0.0037604633105293634,18.670284452308223,1.6304146056988316,0.177512709536304,0.07849733221828671,Limited reach,0.25,match_k,9.401158276323409e-4,0.023952809632257332,0.0018802316552646817,0.0261899278183364,0.03905301067195601
B,f=0;b=1;l=1;c=0;e=all,f=0;b=0;l=0;c=0;e=all,"Foreign-born, non-native speaker, man without children","Native-born, native speaker, man without children",FRA,25.75815839985071,0.22478913132115963,0.012208197649528412,0.008215420326416702,18.670284452308223,2.0482730484855836,0.16517768021854126,0.10102964714533078,Limited reach,0.25,match_k,0.0020538550816041755,0.040658462929197656,0.004107710163208351,0.05619728283028991,0.08327963381072577
B,f=0;b=1;l=1;c=0;e=all,f=0;b=0;l=0;c=0;e=all,"Foreign-born, non-native speaker, man without children","Native-born, native speaker, man without children",GBR,25.75815839985071,0.3070069959324542,0.026066890126653957,0.012018832647405043,18.670284452308223,1.2789997807551572,0.15442582350464865,0.06930011666890644,Limited reach,0.25,match_k,0.0030047081618512607,0.08671581827796294,0.0060094163237025214,0.07675174898311354,0.11090951256551866
B,f=0;b=1;l=1;c=0;e=all,f=0;b=0;l=0;c=0;e=all,"Foreign-born, non-native speaker, man without children","Native-born, native speaker, man without children",HRV,25.75815839985071,0.016375925020668092,0.0015958991184130227,0.0015958991184130227,18.670284452308223,0.44614161715836076,0.16537482482424634,0.14058880902053925,Limited reach,0.25,match_k,3.9897477960325567e-4,0.005675768681488264,7.979495592065113e-4,0.004093981255167023,0.002532196618175951
B,f=0;b=1;l=1;c=0;e=all,f=0;b=0;l=0;c=0;e=all,"Foreign-born, non-native speaker, man without children","Native-born, native speaker, man without children",HUN,25.75815839985071,0.006286682744075733,4.793261945374396e-4,2.2030122660869733e-4,18.670284452308223,2.5300844405308283,0.1707118025648846,0.11795879260537595,Limited reach,0.25,match_k,5.507530665217433e-5,9.338058729784639e-4,1.1015061330434867e-4,0.0015716706860189333,0.0023626077096991186
B,f=0;b=1;l=1;c=0;e=all,f=0;b=0;l=0;c=0;e=all,"Foreign-born, non-native speaker, man without children","Native-born, native speaker, man without children",IRL,25.75815839985071,0.25789627955913375,0.026102620889107964,0.011162848377015531,18.670284452308223,1.0224699447383614,0.13659451045816481,0.06384366000232011,Limited reach,0.25,match_k,0.002790712094253883,0.08742331170087889,0.005581424188507766,0.06447406988978344,0.08938770868364218
B,f=0;b=1;l=1;c=0;e=all,f=0;b=0;l=0;c=0;e=all,"Foreign-born, non-native speaker, man without children","Native-born, native speaker, man without children",ISR,25.75815839985071,0.4755550623060856,0.020100940310828864,0.014102927592233128,18.670284452308223,3.376189764679708,0.18402062566315502,0.12676985349079067,Limited reach,0.25,match_k,0.003525731898058282,0.055624137773645256,0.007051463796116564,0.1188887655765214,0.18779764462051504
B,f=0;b=1;l=1;c=0;e=all,f=0;b=0;l=0;c=0;e=all,"Foreign-born, non-native speaker, man without children","Native-born, native speaker, man without children",ITA,25.75815839985071,0.3124026970866396,0.016455546137866595,0.013190083632608903,18.670284452308223,2.2639387693744766,0.18335837409015723,0.13640823205565064,Limited reach,0.25,match_k,0.0032975209081522257,0.04834782855050759,0.006595041816304451,0.0781006742716599,0.10945652347056435
B,f=0;b=1;l=1;c=0;e=all,f=0;b=0;l=0;c=0;e=all,"Foreign-born, non-native speaker, man without children","Native-born, native speaker, man without children",JPN,25.75815839985071,0.020008750747308568,0.001693238466589091,8.819512255791148e-4,18.670284452308223,2.3686895362691303,0.23587508868253593,0.1518484263326007,Limited reach,0.25,match_k,2.204878063947787e-4,0.002904051253212647,4.409756127895574e-4,0.005002187686827142,0.006878795816274051
B,f=0;b=1;l=1;c=0;e=all,f=0;b=0;l=0;c=0;e=all,"Foreign-born, non-native speaker, man without children","Native-born, native speaker, man without children",KOR,25.75815839985071,0.009777145473407245,5.654400302929523e-4,5.654400302929523e-4,18.670284452308223,1.7703171091139893,0.19871635455702072,0.17350365881934984,Limited reach,0.25,match_k,1.4136000757323809e-4,0.0016294758108867389,2.8272001514647617e-4,0.0024442863683518112,0.002884688906900185
B,f=0;b=1;l=1;c=0;e=all,f=0;b=0;l=0;c=0;e=all,"Foreign-born, non-native speaker, man without children","Native-born, native speaker, man without children",LTU,25.75815839985071,0.0335026055411447,0.002328744442452973,0.0017739156676475243,18.670284452308223,1.1575915243595034,0.14070773670330028,0.09811452271952066,Limited reach,0.25,match_k,4.434789169118811e-4,0.00904002597412926,8.869578338237622e-4,0.008375651385286176,0.010464657447641796
B,f=0;b=1;l=1;c=0;e=all,f=0;b=0;l=0;c=0;e=all,"Foreign-born, non-native speaker, man without children","Native-born, native speaker, man without children",LVA,25.75815839985071,0.0120550161485653,0.0013885603750897026,5.303456120395695e-4,18.670284452308223,1.1432125490506166,0.12600171572248361,0.07308320257256869,Limited reach,0.25,match_k,1.3258640300989238e-4,0.003628368717920904,2.6517280601978476e-4,0.003013754037141325,0.004147996650909875
B,f=0;b=1;l=1;c=0;e=all,f=0;b=0;l=0;c=0;e=all,"Foreign-born, non-native speaker, man without children","Native-born, native speaker, man without children",NOR,25.75815839985071,0.1287899031769939,0.023784623433180004,0.0064629118463744705,18.670284452308223,0.582176380020428,0.13319998921983098,0.04534203586282911,Limited reach,0.25,match_k,0.0016157279615936176,0.0712684347249689,0.0032314559231872353,0.032197475794248476,0.04149079933790456
B,f=0;b=1;l=1;c=0;e=all,f=0;b=0;l=0;c=0;e=all,"Foreign-born, non-native speaker, man without children","Native-born, native speaker, man without children",NZL,25.75815839985071,0.39845931450719263,0.02395610105255435,0.010874409523228427,18.670284452308223,1.843474757132924,0.12636839949321502,0.06237637811974518,Limited reach,0.25,match_k,0.002718602380807107,0.08716768952465151,0.005437204761614214,0.09961482862679816,0.16069143527629506
B,f=0;b=1;l=1;c=0;e=all,f=0;b=0;l=0;c=0;e=all,"Foreign-born, non-native speaker, man without children","Native-born, native speaker, man without children",POL,25.75815839985071,0.003900927011841304,1.551792093051223e-4,1.551792093051223e-4,18.670284452308223,2.612254497736785,0.1826773500187754,0.1447205743481716,Limited reach,0.25,match_k,3.8794802326280576e-5,5.361338911348884e-4,7.758960465256115e-5,9.75231752960326e-4,0.001400518168506236
B,f=0;b=1;l=1;c=0;e=all,f=0;b=0;l=0;c=0;e=all,"Foreign-born, non-native speaker, man without children","Native-born, native speaker, man without children",PRT,25.75815839985071,0.05429227187406127,0.0037971942226776322,0.0018176081076086343,18.670284452308223,1.7226547025447587,0.11129582317464523,0.07561372815043876,Limited reach,0.25,match_k,4.544020269021586e-4,0.012019035114843013,9.088040538043172e-4,0.013573067968515318,0.0207046473606349
B,f=0;b=1;l=1;c=0;e=all,f=0;b=0;l=0;c=0;e=all,"Foreign-born, non-native speaker, man without children","Native-born, native speaker, man without children",SGP,25.75815839985071,0.18193824467510922,0.019087407942126624,0.008224855247745428,18.670284452308223,0.6465926623494056,0.08879132401529492,0.043012505768425795,Limited reach,0.25,match_k,0.002056213811936357,0.09561004527412409,0.004112427623872714,0.045484561168777304,0.0618207537211431
B,f=0;b=1;l=1;c=0;e=all,f=0;b=0;l=0;c=0;e=all,"Foreign-born, non-native speaker, man without children","Native-born, native speaker, man without children",SVK,25.75815839985071,0.017540519426603396,0.0017227708855923776,8.051575053632498e-4,18.670284452308223,2.124685250217965,0.20008677911541786,0.14456268155644647,Limited reach,0.25,match_k,2.0128937634081244e-4,0.002784804130272255,4.025787526816249e-4,0.004385129856650849,0.005916832260335528
B,f=0;b=1;l=1;c=0;e=all,f=0;b=0;l=0;c=0;e=all,"Foreign-born, non-native speaker, man without children","Native-born, native speaker, man without children",SWE,25.75815839985071,0.4483658761158722,0.032435905206551395,0.020684721405463336,18.670284452308223,0.8773259320443572,0.12019291829425682,0.06013895965978226,Limited reach,0.25,match_k,0.005171180351365834,0.17197438667446868,0.010342360702731668,0.11209146902896805,0.1508775890769349
B,f=0;b=1;l=1;c=0;e=all,f=0;b=0;l=0;c=0;e=all,"Foreign-born, non-native speaker, man without children","Native-born, native speaker, man without children",USA,25.75815839985071,0.3306848858500189,0.019435725217877207,0.0076168813506388685,18.670284452308223,2.271025051612014,0.15213956368068965,0.0625164129746054,Limited reach,0.25,match_k,0.0019042203376597171,0.060919052999193174,0.0038084406753194342,0.08267122146250472,0.1383486954816477
B,f=0;b=1;l=1;c=0;e=all,f=0;b=0;l=0;c=0;e=all,"Foreign-born, non-native speaker, man without children","Native-born, native speaker, man without children",AUT,25.75815839985071,0.7485319576497602,0.033354831072694206,0.025521995408710467,18.670284452308223,2.3551284204633305,0.16338015945129908,0.10589119417474616,Blank check,0.75,same_share,0.01914149655653285,0.75,0.07941839563105962,0.5613989682373202,1.7663463153474979
B,f=0;b=1;l=1;c=0;e=all,f=0;b=0;l=0;c=0;e=all,"Foreign-born, non-native speaker, man without children","Native-born, native speaker, man without children",BEL,25.75815839985071,0.07705932330480891,0.00656758316193447,0.002800114019293639,18.670284452308223,1.5585647987332436,0.15195170857411627,0.07627986150659997,Blank check,0.75,same_share,0.0021000855144702292,0.75,0.05720989612994998,0.057794492478606685,1.1689235990499327
B,f=0;b=1;l=1;c=0;e=all,f=0;b=0;l=0;c=0;e=all,"Foreign-born, non-native speaker, man without children","Native-born, native speaker, man without children",CAN,25.75815839985071,0.3604039029651176,0.030639675226837013,0.012680438296971009,18.670284452308223,1.5925258791479564,0.1438174500537588,0.07464674278656243,Blank check,0.75,same_share,0.009510328722728258,0.75,0.055985057089921825,0.2703029272238382,1.1943944093609673
B,f=0;b=1;l=1;c=0;e=all,f=0;b=0;l=0;c=0;e=all,"Foreign-born, non-native speaker, man without children","Native-born, native speaker, man without children",CHE,25.75815839985071,0.3424581252164103,0.022902911077941943,0.01376343299122466,18.670284452308223,1.350807626484027,0.13705295749758345,0.07591424038753872,Blank check,0.75,same_share,0.010322574743418494,0.75,0.05693568029065404,0.2568435939123077,1.0131057198630202
B,f=0;b=1;l=1;c=0;e=all,f=0;b=0;l=0;c=0;e=all,"Foreign-born, non-native speaker, man without children","Native-born, native speaker, man without children",CHL,25.75815839985071,0.01178064988641836,5.20395877820984e-4,4.1257288616420305e-4,18.670284452308223,1.8339288961321927,0.1465237010362391,0.08543320036258137,Blank check,0.75,same_share,3.0942966462315226e-4,0.75,0.06407490027193602,0.00883548741481377,1.3754466720991445
B,f=0;b=1;l=1;c=0;e=all,f=0;b=0;l=0;c=0;e=all,"Foreign-born, non-native speaker, man without children","Native-born, native speaker, man without children",CZE,25.75815839985071,0.0646711802942832,0.004302516814283205,0.0024585166486034747,18.670284452308223,1.6256697761698433,0.14792754239106445,0.08459502309005817,Blank check,0.75,same_share,0.001843887486452606,0.75,0.06344626731754363,0.0485033852207124,1.2192523321273825
B,f=0;b=1;l=1;c=0;e=all,f=0;b=0;l=0;c=0;e=all,"Foreign-born, non-native speaker, man without children","Native-born, native speaker, man without children",DEU,25.75815839985071,0.3687870788896248,0.022364390528472753,0.013140818116397222,18.670284452308223,1.5930933448497626,0.13957091784303555,0.07594705914383842,Blank check,0.75,same_share,0.009855613587297916,0.75,0.05696029435787882,0.2765903091672186,1.194820008637322
B,f=0;b=1;l=1;c=0;e=all,f=0;b=0;l=0;c=0;e=all,"Foreign-born, non-native speaker, man without children","Native-born, native speaker, man without children",ESP,25.75815839985071,0.08236911115452017,0.007011958411749988,0.0036816016598800873,18.670284452308223,1.3737646706425437,0.15378108271695198,0.08987489604106122,Blank check,0.75,same_share,0.0027612012449100653,0.75,0.06740617203079591,0.06177683336589013,1.0303235029819078
B,f=0;b=1;l=1;c=0;e=all,f=0;b=0;l=0;c=0;e=all,"Foreign-born, non-native speaker, man without children","Native-born, native speaker, man without children",EST,25.75815839985071,0.023732855114815266,0.0033184593341876994,8.100487488025534e-4,18.670284452308223,1.4882504220142891,0.13353642343821404,0.0670075685836489,Blank check,0.75,same_share,6.07536561601915e-4,0.75,0.05025567643773667,0.01779964133611145,1.1161878165107169
B,f=0;b=1;l=1;c=0;e=all,f=0;b=0;l=0;c=0;e=all,"Foreign-born, non-native speaker, man without children","Native-born, native speaker, man without children",FIN,25.75815839985071,0.1047597112733456,0.007096434413994974,0.0037604633105293634,18.670284452308223,1.6304146056988316,0.177512709536304,0.07849733221828671,Blank check,0.75,same_share,0.0028203474828970227,0.75,0.05887299916371504,0.0785697834550092,1.2228109542741237
B,f=0;b=1;l=1;c=0;e=all,f=0;b=0;l=0;c=0;e=all,"Foreign-born, non-native speaker, man without children","Native-born, native speaker, man without children",FRA,25.75815839985071,0.22478913132115963,0.012208197649528412,0.008215420326416702,18.670284452308223,2.0482730484855836,0.16517768021854126,0.10102964714533078,Blank check,0.75,same_share,0.006161565244812527,0.75,0.07577223535899807,0.16859184849086972,1.5362047863641877
B,f=0;b=1;l=1;c=0;e=all,f=0;b=0;l=0;c=0;e=all,"Foreign-born, non-native speaker, man without children","Native-born, native speaker, man without children",GBR,25.75815839985071,0.3070069959324542,0.026066890126653957,0.012018832647405043,18.670284452308223,1.2789997807551572,0.15442582350464865,0.06930011666890644,Blank check,0.75,same_share,0.009014124485553783,0.75,0.051975087501679826,0.23025524694934063,0.9592498355663679
B,f=0;b=1;l=1;c=0;e=all,f=0;b=0;l=0;c=0;e=all,"Foreign-born, non-native speaker, man without children","Native-born, native speaker, man without children",HRV,25.75815839985071,0.016375925020668092,0.0015958991184130227,0.0015958991184130227,18.670284452308223,0.44614161715836076,0.16537482482424634,0.14058880902053925,Blank check,0.75,same_share,0.001196924338809767,0.75,0.10544160676540443,0.012281943765501069,0.33460621286877057
B,f=0;b=1;l=1;c=0;e=all,f=0;b=0;l=0;c=0;e=all,"Foreign-born, non-native speaker, man without children","Native-born, native speaker, man without children",HUN,25.75815839985071,0.006286682744075733,4.793261945374396e-4,2.2030122660869733e-4,18.670284452308223,2.5300844405308283,0.1707118025648846,0.11795879260537595,Blank check,0.75,same_share,1.65225919956523e-4,0.75,0.08846909445403196,0.0047150120580568,1.8975633303981212
B,f=0;b=1;l=1;c=0;e=all,f=0;b=0;l=0;c=0;e=all,"Foreign-born, non-native speaker, man without children","Native-born, native speaker, man without children",IRL,25.75815839985071,0.25789627955913375,0.026102620889107964,0.011162848377015531,18.670284452308223,1.0224699447383614,0.13659451045816481,0.06384366000232011,Blank check,0.75,same_share,0.008372136282761648,0.75,0.047882745001740085,0.1934222096693503,0.766852458553771
B,f=0;b=1;l=1;c=0;e=all,f=0;b=0;l=0;c=0;e=all,"Foreign-born, non-native speaker, man without children","Native-born, native speaker, man without children",ISR,25.75815839985071,0.4755550623060856,0.020100940310828864,0.014102927592233128,18.670284452308223,3.376189764679708,0.18402062566315502,0.12676985349079067,Blank check,0.75,same_share,0.010577195694174847,0.75,0.095077390118093,0.3566662967295642,2.532142323509781
B,f=0;b=1;l=1;c=0;e=all,f=0;b=0;l=0;c=0;e=all,"Foreign-born, non-native speaker, man without children","Native-born, native speaker, man without children",ITA,25.75815839985071,0.3124026970866396,0.016455546137866595,0.013190083632608903,18.670284452308223,2.2639387693744766,0.18335837409015723,0.13640823205565064,Blank check,0.75,same_share,0.009892562724456678,0.75,0.10230617404173797,0.2343020228149797,1.6979540770308574
B,f=0;b=1;l=1;c=0;e=all,f=0;b=0;l=0;c=0;e=all,"Foreign-born, non-native speaker, man without children","Native-born, native speaker, man without children",JPN,25.75815839985071,0.020008750747308568,0.001693238466589091,8.819512255791148e-4,18.670284452308223,2.3686895362691303,0.23587508868253593,0.1518484263326007,Blank check,0.75,same_share,6.61463419184336e-4,0.75,0.11388631974945053,0.015006563060481426,1.7765171522018477
B,f=0;b=1;l=1;c=0;e=all,f=0;b=0;l=0;c=0;e=all,"Foreign-born, non-native speaker, man without children","Native-born, native speaker, man without children",KOR,25.75815839985071,0.009777145473407245,5.654400302929523e-4,5.654400302929523e-4,18.670284452308223,1.7703171091139893,0.19871635455702072,0.17350365881934984,Blank check,0.75,same_share,4.2408002271971426e-4,0.75,0.1301277441145124,0.007332859105055434,1.327737831835492
B,f=0;b=1;l=1;c=0;e=all,f=0;b=0;l=0;c=0;e=all,"Foreign-born, non-native speaker, man without children","Native-born, native speaker, man without children",LTU,25.75815839985071,0.0335026055411447,0.002328744442452973,0.0017739156676475243,18.670284452308223,1.1575915243595034,0.14070773670330028,0.09811452271952066,Blank check,0.75,same_share,0.0013304367507356433,0.75,0.0735858920396405,0.025126954155858527,0.8681936432696276
B,f=0;b=1;l=1;c=0;e=all,f=0;b=0;l=0;c=0;e=all,"Foreign-born, non-native speaker, man without children","Native-born, native speaker, man without children",LVA,25.75815839985071,0.0120550161485653,0.0013885603750897026,5.303456120395695e-4,18.670284452308223,1.1432125490506166,0.12600171572248361,0.07308320257256869,Blank check,0.75,same_share,3.9775920902967716e-4,0.75,0.05481240192942652,0.009041262111423976,0.8574094117879625
B,f=0;b=1;l=1;c=0;e=all,f=0;b=0;l=0;c=0;e=all,"Foreign-born, non-native speaker, man without children","Native-born, native speaker, man without children",NOR,25.75815839985071,0.1287899031769939,0.023784623433180004,0.0064629118463744705,18.670284452308223,0.582176380020428,0.13319998921983098,0.04534203586282911,Blank check,0.75,same_share,0.0048471838847808525,0.75,0.03400652689712183,0.09659242738274543,0.43663228501532103
B,f=0;b=1;l=1;c=0;e=all,f=0;b=0;l=0;c=0;e=all,"Foreign-born, non-native speaker, man without children","Native-born, native speaker, man without children",NZL,25.75815839985071,0.39845931450719263,0.02395610105255435,0.010874409523228427,18.670284452308223,1.843474757132924,0.12636839949321502,0.06237637811974518,Blank check,0.75,same_share,0.00815580714242132,0.75,0.04678228358980889,0.2988444858803945,1.382606067849693
B,f=0;b=1;l=1;c=0;e=all,f=0;b=0;l=0;c=0;e=all,"Foreign-born, non-native speaker, man without children","Native-born, native speaker, man without children",POL,25.75815839985071,0.003900927011841304,1.551792093051223e-4,1.551792093051223e-4,18.670284452308223,2.612254497736785,0.1826773500187754,0.1447205743481716,Blank check,0.75,same_share,1.1638440697884173e-4,0.75,0.1085404307611287,0.002925695258880978,1.959190873302589
B,f=0;b=1;l=1;c=0;e=all,f=0;b=0;l=0;c=0;e=all,"Foreign-born, non-native speaker, man without children","Native-born, native speaker, man without children",PRT,25.75815839985071,0.05429227187406127,0.0037971942226776322,0.0018176081076086343,18.670284452308223,1.7226547025447587,0.11129582317464523,0.07561372815043876,Blank check,0.75,same_share,0.0013632060807064758,0.75,0.05671029611282907,0.04071920390554595,1.291991026908569
B,f=0;b=1;l=1;c=0;e=all,f=0;b=0;l=0;c=0;e=all,"Foreign-born, non-native speaker, man without children","Native-born, native speaker, man without children",SGP,25.75815839985071,0.18193824467510922,0.019087407942126624,0.008224855247745428,18.670284452308223,0.6465926623494056,0.08879132401529492,0.043012505768425795,Blank check,0.75,same_share,0.006168641435809071,0.75,0.032259379326319344,0.1364536835063319,0.4849444967620542
B,f=0;b=1;l=1;c=0;e=all,f=0;b=0;l=0;c=0;e=all,"Foreign-born, non-native speaker, man without children","Native-born, native speaker, man without children",SVK,25.75815839985071,0.017540519426603396,0.0017227708855923776,8.051575053632498e-4,18.670284452308223,2.124685250217965,0.20008677911541786,0.14456268155644647,Blank check,0.75,same_share,6.038681290224373e-4,0.75,0.10842201116733485,0.013155389569952547,1.5935139376634737
B,f=0;b=1;l=1;c=0;e=all,f=0;b=0;l=0;c=0;e=all,"Foreign-born, non-native speaker, man without children","Native-born, native speaker, man without children",SWE,25.75815839985071,0.4483658761158722,0.032435905206551395,0.020684721405463336,18.670284452308223,0.8773259320443572,0.12019291829425682,0.06013895965978226,Blank check,0.75,same_share,0.015513541054097503,0.75,0.04510421974483669,0.33627440708690415,0.6579944490332679
B,f=0;b=1;l=1;c=0;e=all,f=0;b=0;l=0;c=0;e=all,"Foreign-born, non-native speaker, man without children","Native-born, native speaker, man without children",USA,25.75815839985071,0.3306848858500189,0.019435725217877207,0.0076168813506388685,18.670284452308223,2.271025051612014,0.15213956368068965,0.0625164129746054,Blank check,0.75,same_share,0.0057126610129791516,0.75,0.04688730973095405,0.24801366438751415,1.7032687887090106
C,f=0;b=1;l=1;c=0;e=0,f=1;b=0;l=0;c=1;e=1,"Foreign-born, non-native speaker, man without children, no tertiary degree","Native-born, native speaker, mother, tertiary degree",AUT,32.464566251525255,0.7899116673981723,0.025258769326417223,0.0219204939485797,10.67776076072027,0.4157026214257371,0.07006577137693483,0.02917518752304662,Strict parity,0.5,match,0.01096024697428985,0.3756701466145478,0.01096024697428985,0.39495583369908616,0.1561670647390585
C,f=0;b=1;l=1;c=0;e=0,f=1;b=0;l=0;c=1;e=1,"Foreign-born, non-native speaker, man without children, no tertiary degree","Native-born, native speaker, mother, tertiary degree",BEL,32.464566251525255,0.04473975407552189,0.0035269843794896835,0.0013071680696357768,10.67776076072027,0.8543616713948268,0.19329425137235862,0.06868042055279727,Strict parity,0.5,match,6.535840348178884e-4,0.009516307989341057,6.535840348178884e-4,0.022369877037760943,0.00813036879928137
C,f=0;b=1;l=1;c=0;e=0,f=1;b=0;l=0;c=1;e=1,"Foreign-born, non-native speaker, man without children, no tertiary degree","Native-born, native speaker, mother, tertiary degree",CAN,32.464566251525255,0.19347422274080373,0.009408727485774544,0.005507622565865071,10.67776076072027,0.43791685837612704,0.10491078446969114,0.03282331382139877,Strict parity,0.5,match,0.0027538112829325356,0.08389802741785386,0.0027538112829325356,0.09673711137040186,0.036740360590780737
C,f=0;b=1;l=1;c=0;e=0,f=1;b=0;l=0;c=1;e=1,"Foreign-born, non-native speaker, man without children, no tertiary degree","Native-born, native speaker, mother, tertiary degree",CHE,32.464566251525255,0.29848474524720814,0.013427368848178672,0.009449264684650883,10.67776076072027,0.22527689298209452,0.06454382809604815,0.022984295902594935,Strict parity,0.5,match,0.004724632342325442,0.20555915057602567,0.004724632342325442,0.14924237262360407,0.046307726765805586
C,f=0;b=1;l=1;c=0;e=0,f=1;b=0;l=0;c=1;e=1,"Foreign-born, non-native speaker, man without children, no tertiary degree","Native-born, native speaker, mother, tertiary degree",CHL,32.464566251525255,0.014547531929537172,5.20395877820984e-4,4.1257288616420305e-4,10.67776076072027,0.6432749556736894,0.10752694759592726,0.04774297786646401,Strict parity,0.5,match,2.0628644308210152e-4,0.0043207703478212,2.0628644308210155e-4,0.007273765964768586,0.002779443353970874
C,f=0;b=1;l=1;c=0;e=0,f=1;b=0;l=0;c=1;e=1,"Foreign-born, non-native speaker, man without children, no tertiary degree","Native-born, native speaker, mother, tertiary degree",CZE,32.464566251525255,0.06857716163813166,0.002541410457216269,0.0020773802367941366,10.67776076072027,0.43144152210834363,0.09375604903542575,0.03843727144824558,Strict parity,0.5,match,0.0010386901183970683,0.027022993028930985,0.0010386901183970683,0.03428858081906583,0.011658841244325143
C,f=0;b=1;l=1;c=0;e=0,f=1;b=0;l=0;c=1;e=1,"Foreign-born, non-native speaker, man without children, no tertiary degree","Native-born, native speaker, mother, tertiary degree",DEU,32.464566251525255,0.3313019413831739,0.01342173403743017,0.009528207205883186,10.67776076072027,0.42678764654391443,0.09364949914845123,0.03287067271669976,Strict parity,0.5,match,0.004764103602941593,0.14493477647998415,0.004764103602941593,0.16565097069158696,0.06185637215626072
C,f=0;b=1;l=1;c=0;e=0,f=1;b=0;l=0;c=1;e=1,"Foreign-born, non-native speaker, man without children, no tertiary degree","Native-born, native speaker, mother, tertiary degree",ESP,32.464566251525255,0.09317803926623469,0.005035721748471556,0.0032042428492896325,10.67776076072027,0.3466554379727711,0.10655942788957419,0.04753408914078878,Strict parity,0.5,match,0.0016021214246448162,0.033704683388369454,0.0016021214246448165,0.046589019633117346,0.011683911781728796
C,f=0;b=1;l=1;c=0;e=0,f=1;b=0;l=0;c=1;e=1,"Foreign-born, non-native speaker, man without children, no tertiary degree","Native-born, native speaker, mother, tertiary degree",EST,32.464566251525255,0.02916537240400885,0.0014176403667745799,8.100487488025534e-4,10.67776076072027,0.7808307827340855,0.20138747136956242,0.05491978077991117,Strict parity,0.5,match,4.050243744012767e-4,0.007374835963464525,4.050243744012767e-4,0.014582686202004425,0.005758498937887488
C,f=0;b=1;l=1;c=0;e=0,f=1;b=0;l=0;c=1;e=1,"Foreign-born, non-native speaker, man without children, no tertiary degree","Native-born, native speaker, mother, tertiary degree",FIN,32.464566251525255,0.06313133052799458,0.00460739051326649,0.001826473607470965,10.67776076072027,0.5767540403311955,0.17988747344521105,0.045137211925607774,Strict parity,0.5,match,9.132368037354825e-4,0.02023245931185604,9.132368037354825e-4,0.03156566526399729,0.011669152653949489
C,f=0;b=1;l=1;c=0;e=0,f=1;b=0;l=0;c=1;e=1,"Foreign-born, non-native speaker, man without children, no tertiary degree","Native-born, native speaker, mother, tertiary degree",FRA,32.464566251525255,0.20390428644833491,0.007052802965676704,0.005985168467971589,10.67776076072027,0.8053288229911573,0.13117317865640668,0.06557274649807784,Strict parity,0.5,match,0.0029925842339857947,0.045637622241025355,0.0029925842339857947,0.10195214322416746,0.03675329260348001
C,f=0;b=1;l=1;c=0;e=0,f=1;b=0;l=0;c=1;e=1,"Foreign-born, non-native speaker, man without children, no tertiary degree","Native-born, native speaker, mother, tertiary degree",GBR,32.464566251525255,0.11074242670855483,0.006737378798911235,0.0034338485659136764,10.67776076072027,0.344285040698594,0.0997884090964526,0.032903648543276924,Strict parity,0.5,match,0.0017169242829568382,0.052180361721850775,0.0017169242829568382,0.055371213354277415,0.01796491795907475
C,f=0;b=1;l=1;c=0;e=0,f=1;b=0;l=0;c=1;e=1,"Foreign-born, non-native speaker, man without children, no tertiary degree","Native-born, native speaker, mother, tertiary degree",HRV,32.464566251525255,0.027078675398854557,0.0015958991184130227,0.0015958991184130227,10.67776076072027,0,0.10350896717193249,0.0627588630047227,Strict parity,0.5,match,7.979495592065113e-4,0.01271453179683106,7.979495592065113e-4,0.013539337699427278,0
C,f=0;b=1;l=1;c=0;e=0,f=1;b=0;l=0;c=1;e=1,"Foreign-born, non-native speaker, man without children, no tertiary degree","Native-born, native speaker, mother, tertiary degree",HUN,32.464566251525255,0.007764112619923935,4.793261945374396e-4,2.2030122660869733e-4,10.67776076072027,0.9497982266712484,0.12518757020404334,0.07058359141528392,Strict parity,0.5,match,1.1015061330434867e-4,0.0015605696890126938,1.1015061330434867e-4,0.0038820563099619676,0.001482226323221158
C,f=0;b=1;l=1;c=0;e=0,f=1;b=0;l=0;c=1;e=1,"Foreign-born, non-native speaker, man without children, no tertiary degree","Native-born, native speaker, mother, tertiary degree",IRL,32.464566251525255,0.14476912969865907,0.008354807936040178,0.004856476793755189,10.67776076072027,0.29724815778189395,0.10954967039590391,0.03705092772156581,Strict parity,0.5,match,0.0024282383968775947,0.0655378568419548,0.0024282383968775947,0.07238456484932954,0.019481007211244558
C,f=0;b=1;l=1;c=0;e=0,f=1;b=0;l=0;c=1;e=1,"Foreign-born, non-native speaker, man without children, no tertiary degree","Native-born, native speaker, mother, tertiary degree",ISR,32.464566251525255,0.43210847737987024,0.012634360979818097,0.010688686135623612,10.67776076072027,1.395084937093202,0.13918061763354608,0.0748439723718173,Strict parity,0.5,match,0.005344343067811806,0.07140645931059952,0.005344343067811806,0.21605423868993512,0.09961807579537602
C,f=0;b=1;l=1;c=0;e=0,f=1;b=0;l=0;c=1;e=1,"Foreign-born, non-native speaker, man without children, no tertiary degree","Native-born, native speaker, mother, tertiary degree",ITA,32.464566251525255,0.3883142722226012,0.014887510662495615,0.01277724839526802,10.67776076072027,0.219265396475663,0.054186803322308796,0.025483334768902754,Strict parity,0.5,match,0.00638862419763401,0.2506981231290824,0.00638862419763401,0.1941571361113006,0.05496942336360284
C,f=0;b=1;l=1;c=0;e=0,f=1;b=0;l=0;c=1;e=1,"Foreign-born, non-native speaker, man without children, no tertiary degree","Native-born, native speaker, mother, tertiary degree",JPN,32.464566251525255,0,0,0,10.67776076072027,0.6911372718614075,0.1606318945880096,0.0908612205151805,Strict parity,0.5,match,0,0,0,0,0
C,f=0;b=1;l=1;c=0;e=0,f=1;b=0;l=0;c=1;e=1,"Foreign-born, non-native speaker, man without children, no tertiary degree","Native-born, native speaker, mother, tertiary degree",KOR,32.464566251525255,0.002833189689340543,1.1806126114470477e-4,1.1806126114470477e-4,10.67776076072027,0.2752947113187929,0.1618716696198861,0.12452165489300072,Strict parity,0.5,match,5.9030630572352386e-5,4.740591555988906e-4,5.9030630572352386e-5,0.0014165948446702714,1.305059783886273e-4
C,f=0;b=1;l=1;c=0;e=0,f=1;b=0;l=0;c=1;e=1,"Foreign-born, non-native speaker, man without children, no tertiary degree","Native-born, native speaker, mother, tertiary degree",LTU,32.464566251525255,0.021184950100661126,8.277746896687093e-4,8.277746896687093e-4,10.67776076072027,0.34979067782023776,0.18271635665243655,0.09190875610293091,Strict parity,0.5,match,4.1388734483435464e-4,0.004503241719111419,4.138873448343547e-4,0.010592475050330563,0.001575191973316356
C,f=0;b=1;l=1;c=0;e=0,f=1;b=0;l=0;c=1;e=1,"Foreign-born, non-native speaker, man without children, no tertiary degree","Native-born, native speaker, mother, tertiary degree",LVA,32.464566251525255,0.015611730125243639,5.303456120395695e-4,5.303456120395695e-4,10.67776076072027,0.42636029871701453,0.17426471116041545,0.055732692392939716,Strict parity,0.5,match,2.6517280601978476e-4,0.004757939992387254,2.6517280601978476e-4,0.0078058650626218196,0.0020285967164318593
C,f=0;b=1;l=1;c=0;e=0,f=1;b=0;l=0;c=1;e=1,"Foreign-born, non-native speaker, man without children, no tertiary degree","Native-born, native speaker, mother, tertiary degree",NOR,32.464566251525255,0.1301241233375663,0.01579299197145524,0.004885649983856476,10.67776076072027,0.26079257948191525,0.18795914169081132,0.053803420542593856,Strict parity,0.5,match,0.002442824991928238,0.04540278233786936,0.002442824991928238,0.06506206166878314,0.011840708721548894
C,f=0;b=1;l=1;c=0;e=0,f=1;b=0;l=0;c=1;e=1,"Foreign-born, non-native speaker, man without children, no tertiary degree","Native-born, native speaker, mother, tertiary degree",NZL,32.464566251525255,0.19564720745160002,0.007560241063460297,0.004513373128792102,10.67776076072027,0.6313273297261048,0.10008044374304458,0.029280267356245702,Strict parity,0.5,match,0.002256686564396051,0.07707192482020431,0.002256686564396051,0.09782360372580001,0.048657612493590685
C,f=0;b=1;l=1;c=0;e=0,f=1;b=0;l=0;c=1;e=1,"Foreign-born, non-native speaker, man without children, no tertiary degree","Native-born, native speaker, mother, tertiary degree",POL,32.464566251525255,0.004941622079542185,1.551792093051223e-4,1.551792093051223e-4,10.67776076072027,0.7439486307136747,0.12137506860284554,0.07396726654685093,Strict parity,0.5,match,7.758960465256115e-5,0.0010489721774890226,7.758960465256115e-5,0.0024708110397710925,7.803814150997001e-4
C,f=0;b=1;l=1;c=0;e=0,f=1;b=0;l=0;c=1;e=1,"Foreign-born, non-native speaker, man without children, no tertiary degree","Native-born, native speaker, mother, tertiary degree",PRT,32.464566251525255,0.02040408606202959,0.0010686574441454392,5.578456101791039e-4,10.67776076072027,0.33213774337659174,0.06957385392889372,0.022457251383032173,Strict parity,0.5,match,2.7892280508955196e-4,0.012420166668316997,2.7892280508955196e-4,0.010202043031014796,0.004125206129575969
C,f=0;b=1;l=1;c=0;e=0,f=1;b=0;l=0;c=1;e=1,"Foreign-born, non-native speaker, man without children, no tertiary degree","Native-born, native speaker, mother, tertiary degree",SGP,32.464566251525255,0.11466018070760242,0.006711613952164666,0.0039775344513001765,10.67776076072027,0.15130136623525914,0.04950489060841074,0.021491234830567273,Strict parity,0.5,match,0.0019887672256500883,0.092538527512688,0.0019887672256500883,0.05733009035380121,0.01400120564206881
C,f=0;b=1;l=1;c=0;e=0,f=1;b=0;l=0;c=1;e=1,"Foreign-born, non-native speaker, man without children, no tertiary degree","Native-born, native speaker, mother, tertiary degree",SVK,32.464566251525255,0.022940234042408747,0.0015852221469766922,8.051575053632498e-4,10.67776076072027,0.3227248946279815,0.10245163633868834,0.04813337504678515,Strict parity,0.5,match,4.025787526816249e-4,0.008363817253419741,4.025787526816249e-4,0.011470117021204373,0.0026992120417975796
C,f=0;b=1;l=1;c=0;e=0,f=1;b=0;l=0;c=1;e=1,"Foreign-born, non-native speaker, man without children, no tertiary degree","Native-born, native speaker, mother, tertiary degree",SWE,32.464566251525255,0.43727318790774916,0.020801326369575705,0.015406385496422965,10.67776076072027,0.25656010658030937,0.12151642561042025,0.03889756285415287,Strict parity,0.5,match,0.0077031927482114826,0.19803792790552832,0.0077031927482114826,0.21863659395387458,0.050808631890385966
C,f=0;b=1;l=1;c=0;e=0,f=1;b=0;l=0;c=1;e=1,"Foreign-born, non-native speaker, man without children, no tertiary degree","Native-born, native speaker, mother, tertiary degree",USA,32.464566251525255,0.2519014434428186,0.00889734681521419,0.005025851941721459,10.67776076072027,0.8856207004926091,0.1312696406653643,0.031256093524287626,Strict parity,0.5,match,0.0025129259708607295,0.08039795404720215,0.0025129259708607295,0.1259507217214093,0.07120209238145576
C,f=0;b=1;l=1;c=0;e=0,f=1;b=0;l=0;c=1;e=1,"Foreign-born, non-native speaker, man without children, no tertiary degree","Native-born, native speaker, mother, tertiary degree",AUT,32.464566251525255,0.7899116673981723,0.025258769326417223,0.0219204939485797,10.67776076072027,0.4157026214257371,0.07006577137693483,0.02917518752304662,Limited reach,0.25,match_k,0.005480123487144925,0.3756701466145478,0.01096024697428985,0.19747791684954308,0.1561670647390585
C,f=0;b=1;l=1;c=0;e=0,f=1;b=0;l=0;c=1;e=1,"Foreign-born, non-native speaker, man without children, no tertiary degree","Native-born, native speaker, mother, tertiary degree",BEL,32.464566251525255,0.04473975407552189,0.0035269843794896835,0.0013071680696357768,10.67776076072027,0.8543616713948268,0.19329425137235862,0.06868042055279727,Limited reach,0.25,match_k,3.267920174089442e-4,0.009516307989341057,6.535840348178884e-4,0.011184938518880472,0.00813036879928137
C,f=0;b=1;l=1;c=0;e=0,f=1;b=0;l=0;c=1;e=1,"Foreign-born, non-native speaker, man without children, no tertiary degree","Native-born, native speaker, mother, tertiary degree",CAN,32.464566251525255,0.19347422274080373,0.009408727485774544,0.005507622565865071,10.67776076072027,0.43791685837612704,0.10491078446969114,0.03282331382139877,Limited reach,0.25,match_k,0.0013769056414662678,0.08389802741785386,0.0027538112829325356,0.04836855568520093,0.036740360590780737
C,f=0;b=1;l=1;c=0;e=0,f=1;b=0;l=0;c=1;e=1,"Foreign-born, non-native speaker, man without children, no tertiary degree","Native-born, native speaker, mother, tertiary degree",CHE,32.464566251525255,0.29848474524720814,0.013427368848178672,0.009449264684650883,10.67776076072027,0.22527689298209452,0.06454382809604815,0.022984295902594935,Limited reach,0.25,match_k,0.002362316171162721,0.20555915057602567,0.004724632342325442,0.07462118631180203,0.046307726765805586
C,f=0;b=1;l=1;c=0;e=0,f=1;b=0;l=0;c=1;e=1,"Foreign-born, non-native speaker, man without children, no tertiary degree","Native-born, native speaker, mother, tertiary degree",CHL,32.464566251525255,0.014547531929537172,5.20395877820984e-4,4.1257288616420305e-4,10.67776076072027,0.6432749556736894,0.10752694759592726,0.04774297786646401,Limited reach,0.25,match_k,1.0314322154105076e-4,0.0043207703478212,2.0628644308210155e-4,0.003636882982384293,0.002779443353970874
C,f=0;b=1;l=1;c=0;e=0,f=1;b=0;l=0;c=1;e=1,"Foreign-born, non-native speaker, man without children, no tertiary degree","Native-born, native speaker, mother, tertiary degree",CZE,32.464566251525255,0.06857716163813166,0.002541410457216269,0.0020773802367941366,10.67776076072027,0.43144152210834363,0.09375604903542575,0.03843727144824558,Limited reach,0.25,match_k,5.193450591985341e-4,0.027022993028930985,0.0010386901183970683,0.017144290409532914,0.011658841244325143
C,f=0;b=1;l=1;c=0;e=0,f=1;b=0;l=0;c=1;e=1,"Foreign-born, non-native speaker, man without children, no tertiary degree","Native-born, native speaker, mother, tertiary degree",DEU,32.464566251525255,0.3313019413831739,0.01342173403743017,0.009528207205883186,10.67776076072027,0.42678764654391443,0.09364949914845123,0.03287067271669976,Limited reach,0.25,match_k,0.0023820518014707965,0.14493477647998415,0.004764103602941593,0.08282548534579348,0.06185637215626072
C,f=0;b=1;l=1;c=0;e=0,f=1;b=0;l=0;c=1;e=1,"Foreign-born, non-native speaker, man without children, no tertiary degree","Native-born, native speaker, mother, tertiary degree",ESP,32.464566251525255,0.09317803926623469,0.005035721748471556,0.0032042428492896325,10.67776076072027,0.3466554379727711,0.10655942788957419,0.04753408914078878,Limited reach,0.25,match_k,8.010607123224081e-4,0.033704683388369454,0.0016021214246448165,0.023294509816558673,0.011683911781728796
C,f=0;b=1;l=1;c=0;e=0,f=1;b=0;l=0;c=1;e=1,"Foreign-born, non-native speaker, man without children, no tertiary degree","Native-born, native speaker, mother, tertiary degree",EST,32.464566251525255,0.02916537240400885,0.0014176403667745799,8.100487488025534e-4,10.67776076072027,0.7808307827340855,0.20138747136956242,0.05491978077991117,Limited reach,0.25,match_k,2.0251218720063836e-4,0.007374835963464525,4.050243744012767e-4,0.007291343101002212,0.005758498937887488
C,f=0;b=1;l=1;c=0;e=0,f=1;b=0;l=0;c=1;e=1,"Foreign-born, non-native speaker, man without children, no tertiary degree","Native-born, native speaker, mother, tertiary degree",FIN,32.464566251525255,0.06313133052799458,0.00460739051326649,0.001826473607470965,10.67776076072027,0.5767540403311955,0.17988747344521105,0.045137211925607774,Limited reach,0.25,match_k,4.5661840186774123e-4,0.02023245931185604,9.132368037354825e-4,0.015782832631998645,0.011669152653949489
C,f=0;b=1;l=1;c=0;e=0,f=1;b=0;l=0;c=1;e=1,"Foreign-born, non-native speaker, man without children, no tertiary degree","Native-born, native speaker, mother, tertiary degree",FRA,32.464566251525255,0.20390428644833491,0.007052802965676704,0.005985168467971589,10.67776076072027,0.8053288229911573,0.13117317865640668,0.06557274649807784,Limited reach,0.25,match_k,0.0014962921169928973,0.045637622241025355,0.0029925842339857947,0.05097607161208373,0.03675329260348001
C,f=0;b=1;l=1;c=0;e=0,f=1;b=0;l=0;c=1;e=1,"Foreign-born, non-native speaker, man without children, no tertiary degree","Native-born, native speaker, mother, tertiary degree",GBR,32.464566251525255,0.11074242670855483,0.006737378798911235,0.0034338485659136764,10.67776076072027,0.344285040698594,0.0997884090964526,0.032903648543276924,Limited reach,0.25,match_k,8.584621414784191e-4,0.052180361721850775,0.0017169242829568382,0.027685606677138708,0.01796491795907475
C,f=0;b=1;l=1;c=0;e=0,f=1;b=0;l=0;c=1;e=1,"Foreign-born, non-native speaker, man without children, no tertiary degree","Native-born, native speaker, mother, tertiary degree",HRV,32.464566251525255,0.027078675398854557,0.0015958991184130227,0.0015958991184130227,10.67776076072027,0,0.10350896717193249,0.0627588630047227,Limited reach,0.25,match_k,3.9897477960325567e-4,0.01271453179683106,7.979495592065113e-4,0.006769668849713639,0
C,f=0;b=1;l=1;c=0;e=0,f=1;b=0;l=0;c=1;e=1,"Foreign-born, non-native speaker, man without children, no tertiary degree","Native-born, native speaker, mother, tertiary degree",HUN,32.464566251525255,0.007764112619923935,4.793261945374396e-4,2.2030122660869733e-4,10.67776076072027,0.9497982266712484,0.12518757020404334,0.07058359141528392,Limited reach,0.25,match_k,5.507530665217433e-5,0.0015605696890126938,1.1015061330434867e-4,0.0019410281549809838,0.001482226323221158
C,f=0;b=1;l=1;c=0;e=0,f=1;b=0;l=0;c=1;e=1,"Foreign-born, non-native speaker, man without children, no tertiary degree","Native-born, native speaker, mother, tertiary degree",IRL,32.464566251525255,0.14476912969865907,0.008354807936040178,0.004856476793755189,10.67776076072027,0.29724815778189395,0.10954967039590391,0.03705092772156581,Limited reach,0.25,match_k,0.0012141191984387973,0.0655378568419548,0.0024282383968775947,0.03619228242466477,0.019481007211244558
C,f=0;b=1;l=1;c=0;e=0,f=1;b=0;l=0;c=1;e=1,"Foreign-born, non-native speaker, man without children, no tertiary degree","Native-born, native speaker, mother, tertiary degree",ISR,32.464566251525255,0.43210847737987024,0.012634360979818097,0.010688686135623612,10.67776076072027,1.395084937093202,0.13918061763354608,0.0748439723718173,Limited reach,0.25,match_k,0.002672171533905903,0.07140645931059952,0.005344343067811806,0.10802711934496756,0.09961807579537602
C,f=0;b=1;l=1;c=0;e=0,f=1;b=0;l=0;c=1;e=1,"Foreign-born, non-native speaker, man without children, no tertiary degree","Native-born, native speaker, mother, tertiary degree",ITA,32.464566251525255,0.3883142722226012,0.014887510662495615,0.01277724839526802,10.67776076072027,0.219265396475663,0.054186803322308796,0.025483334768902754,Limited reach,0.25,match_k,0.003194312098817005,0.2506981231290824,0.00638862419763401,0.0970785680556503,0.05496942336360284
C,f=0;b=1;l=1;c=0;e=0,f=1;b=0;l=0;c=1;e=1,"Foreign-born, non-native speaker, man without children, no tertiary degree","Native-born, native speaker, mother, tertiary degree",JPN,32.464566251525255,0,0,0,10.67776076072027,0.6911372718614075,0.1606318945880096,0.0908612205151805,Limited reach,0.25,match_k,0,0,0,0,0
C,f=0;b=1;l=1;c=0;e=0,f=1;b=0;l=0;c=1;e=1,"Foreign-born, non-native speaker, man without children, no tertiary degree","Native-born, native speaker, mother, tertiary degree",KOR,32.464566251525255,0.002833189689340543,1.1806126114470477e-4,1.1806126114470477e-4,10.67776076072027,0.2752947113187929,0.1618716696198861,0.12452165489300072,Limited reach,0.25,match_k,2.9515315286176193e-5,4.740591555988906e-4,5.9030630572352386e-5,7.082974223351357e-4,1.305059783886273e-4
C,f=0;b=1;l=1;c=0;e=0,f=1;b=0;l=0;c=1;e=1,"Foreign-born, non-native speaker, man without children, no tertiary degree","Native-born, native speaker, mother, tertiary degree",LTU,32.464566251525255,0.021184950100661126,8.277746896687093e-4,8.277746896687093e-4,10.67776076072027,0.34979067782023776,0.18271635665243655,0.09190875610293091,Limited reach,0.25,match_k,2.0694367241717732e-4,0.004503241719111419,4.138873448343547e-4,0.005296237525165282,0.001575191973316356
C,f=0;b=1;l=1;c=0;e=0,f=1;b=0;l=0;c=1;e=1,"Foreign-born, non-native speaker, man without children, no tertiary degree","Native-born, native speaker, mother, tertiary degree",LVA,32.464566251525255,0.015611730125243639,5.303456120395695e-4,5.303456120395695e-4,10.67776076072027,0.42636029871701453,0.17426471116041545,0.055732692392939716,Limited reach,0.25,match_k,1.3258640300989238e-4,0.004757939992387254,2.6517280601978476e-4,0.0039029325313109098,0.0020285967164318593
C,f=0;b=1;l=1;c=0;e=0,f=1;b=0;l=0;c=1;e=1,"Foreign-born, non-native speaker, man without children, no tertiary degree","Native-born, native speaker, mother, tertiary degree",NOR,32.464566251525255,0.1301241233375663,0.01579299197145524,0.004885649983856476,10.67776076072027,0.26079257948191525,0.18795914169081132,0.053803420542593856,Limited reach,0.25,match_k,0.001221412495964119,0.04540278233786936,0.002442824991928238,0.03253103083439157,0.011840708721548894
C,f=0;b=1;l=1;c=0;e=0,f=1;b=0;l=0;c=1;e=1,"Foreign-born, non-native speaker, man without children, no tertiary degree","Native-born, native speaker, mother, tertiary degree",NZL,32.464566251525255,0.19564720745160002,0.007560241063460297,0.004513373128792102,10.67776076072027,0.6313273297261048,0.10008044374304458,0.029280267356245702,Limited reach,0.25,match_k,0.0011283432821980255,0.07707192482020431,0.002256686564396051,0.048911801862900006,0.048657612493590685
C,f=0;b=1;l=1;c=0;e=0,f=1;b=0;l=0;c=1;e=1,"Foreign-born, non-native speaker, man without children, no tertiary degree","Native-born, native speaker, mother, tertiary degree",POL,32.464566251525255,0.004941622079542185,1.551792093051223e-4,1.551792093051223e-4,10.67776076072027,0.7439486307136747,0.12137506860284554,0.07396726654685093,Limited reach,0.25,match_k,3.8794802326280576e-5,0.0010489721774890226,7.758960465256115e-5,0.0012354055198855463,7.803814150997001e-4
C,f=0;b=1;l=1;c=0;e=0,f=1;b=0;l=0;c=1;e=1,"Foreign-born, non-native speaker, man without children, no tertiary degree","Native-born, native speaker, mother, tertiary degree",PRT,32.464566251525255,0.02040408606202959,0.0010686574441454392,5.578456101791039e-4,10.67776076072027,0.33213774337659174,0.06957385392889372,0.022457251383032173,Limited reach,0.25,match_k,1.3946140254477598e-4,0.012420166668316997,2.7892280508955196e-4,0.005101021515507398,0.004125206129575969
C,f=0;b=1;l=1;c=0;e=0,f=1;b=0;l=0;c=1;e=1,"Foreign-born, non-native speaker, man without children, no tertiary degree","Native-born, native speaker, mother, tertiary degree",SGP,32.464566251525255,0.11466018070760242,0.006711613952164666,0.0039775344513001765,10.67776076072027,0.15130136623525914,0.04950489060841074,0.021491234830567273,Limited reach,0.25,match_k,9.943836128250441e-4,0.092538527512688,0.0019887672256500883,0.028665045176900605,0.01400120564206881
C,f=0;b=1;l=1;c=0;e=0,f=1;b=0;l=0;c=1;e=1,"Foreign-born, non-native speaker, man without children, no tertiary degree","Native-born, native speaker, mother, tertiary degree",SVK,32.464566251525255,0.022940234042408747,0.0015852221469766922,8.051575053632498e-4,10.67776076072027,0.3227248946279815,0.10245163633868834,0.04813337504678515,Limited reach,0.25,match_k,2.0128937634081244e-4,0.008363817253419741,4.025787526816249e-4,0.005735058510602187,0.0026992120417975796
C,f=0;b=1;l=1;c=0;e=0,f=1;b=0;l=0;c=1;e=1,"Foreign-born, non-native speaker, man without children, no tertiary degree","Native-born, native speaker, mother, tertiary degree",SWE,32.464566251525255,0.43727318790774916,0.020801326369575705,0.015406385496422965,10.67776076072027,0.25656010658030937,0.12151642561042025,0.03889756285415287,Limited reach,0.25,match_k,0.0038515963741057413,0.19803792790552832,0.0077031927482114826,0.10931829697693729,0.050808631890385966
C,f=0;b=1;l=1;c=0;e=0,f=1;b=0;l=0;c=1;e=1,"Foreign-born, non-native speaker, man without children, no tertiary degree","Native-born, native speaker, mother, tertiary degree",USA,32.464566251525255,0.2519014434428186,0.00889734681521419,0.005025851941721459,10.67776076072027,0.8856207004926091,0.1312696406653643,0.031256093524287626,Limited reach,0.25,match_k,0.0012564629854303648,0.08039795404720215,0.0025129259708607295,0.06297536086070465,0.07120209238145576
C,f=0;b=1;l=1;c=0;e=0,f=1;b=0;l=0;c=1;e=1,"Foreign-born, non-native speaker, man without children, no tertiary degree","Native-born, native speaker, mother, tertiary degree",AUT,32.464566251525255,0.7899116673981723,0.025258769326417223,0.0219204939485797,10.67776076072027,0.4157026214257371,0.07006577137693483,0.02917518752304662,Blank check,0.75,same_share,0.016440370461434775,0.75,0.021881390642284965,0.5924337505486292,0.31177696606930283
C,f=0;b=1;l=1;c=0;e=0,f=1;b=0;l=0;c=1;e=1,"Foreign-born, non-native speaker, man without children, no tertiary degree","Native-born, native speaker, mother, tertiary degree",BEL,32.464566251525255,0.04473975407552189,0.0035269843794896835,0.0013071680696357768,10.67776076072027,0.8543616713948268,0.19329425137235862,0.06868042055279727,Blank check,0.75,same_share,9.803760522268325e-4,0.75,0.051510315414597954,0.033554815556641415,0.6407712535461201
C,f=0;b=1;l=1;c=0;e=0,f=1;b=0;l=0;c=1;e=1,"Foreign-born, non-native speaker, man without children, no tertiary degree","Native-born, native speaker, mother, tertiary degree",CAN,32.464566251525255,0.19347422274080373,0.009408727485774544,0.005507622565865071,10.67776076072027,0.43791685837612704,0.10491078446969114,0.03282331382139877,Blank check,0.75,same_share,0.004130716924398804,0.75,0.024617485366049074,0.1451056670556028,0.3284376437820953
C,f=0;b=1;l=1;c=0;e=0,f=1;b=0;l=0;c=1;e=1,"Foreign-born, non-native speaker, man without children, no tertiary degree","Native-born, native speaker, mother, tertiary degree",CHE,32.464566251525255,0.29848474524720814,0.013427368848178672,0.009449264684650883,10.67776076072027,0.22527689298209452,0.06454382809604815,0.022984295902594935,Blank check,0.75,same_share,0.007086948513488163,0.75,0.017238221926946202,0.2238635589354061,0.1689576697365709
C,f=0;b=1;l=1;c=0;e=0,f=1;b=0;l=0;c=1;e=1,"Foreign-born, non-native speaker, man without children, no tertiary degree","Native-born, native speaker, mother, tertiary degree",CHL,32.464566251525255,0.014547531929537172,5.20395877820984e-4,4.1257288616420305e-4,10.67776076072027,0.6432749556736894,0.10752694759592726,0.04774297786646401,Blank check,0.75,same_share,3.0942966462315226e-4,0.75,0.03580723339984801,0.010910648947152879,0.48245621675526706
C,f=0;b=1;l=1;c=0;e=0,f=1;b=0;l=0;c=1;e=1,"Foreign-born, non-native speaker, man without children, no tertiary degree","Native-born, native speaker, mother, tertiary degree",CZE,32.464566251525255,0.06857716163813166,0.002541410457216269,0.0020773802367941366,10.67776076072027,0.43144152210834363,0.09375604903542575,0.03843727144824558,Blank check,0.75,same_share,0.0015580351775956024,0.75,0.028827953586184188,0.05143287122859874,0.3235811415812577
C,f=0;b=1;l=1;c=0;e=0,f=1;b=0;l=0;c=1;e=1,"Foreign-born, non-native speaker, man without children, no tertiary degree","Native-born, native speaker, mother, tertiary degree",DEU,32.464566251525255,0.3313019413831739,0.01342173403743017,0.009528207205883186,10.67776076072027,0.42678764654391443,0.09364949914845123,0.03287067271669976,Blank check,0.75,same_share,0.007146155404412389,0.75,0.02465300453752482,0.24847645603738044,0.3200907349079358
C,f=0;b=1;l=1;c=0;e=0,f=1;b=0;l=0;c=1;e=1,"Foreign-born, non-native speaker, man without children, no tertiary degree","Native-born, native speaker, mother, tertiary degree",ESP,32.464566251525255,0.09317803926623469,0.005035721748471556,0.0032042428492896325,10.67776076072027,0.3466554379727711,0.10655942788957419,0.04753408914078878,Blank check,0.75,same_share,0.0024031821369672243,0.75,0.035650566855591585,0.06988352944967602,0.2599915784795783
C,f=0;b=1;l=1;c=0;e=0,f=1;b=0;l=0;c=1;e=1,"Foreign-born, non-native speaker, man without children, no tertiary degree","Native-born, native speaker, mother, tertiary degree",EST,32.464566251525255,0.02916537240400885,0.0014176403667745799,8.100487488025534e-4,10.67776076072027,0.7808307827340855,0.20138747136956242,0.05491978077991117,Blank check,0.75,same_share,6.07536561601915e-4,0.75,0.04118983558493338,0.021874029303006637,0.5856230870505641
C,f=0;b=1;l=1;c=0;e=0,f=1;b=0;l=0;c=1;e=1,"Foreign-born, non-native speaker, man without children, no tertiary degree","Native-born, native speaker, mother, tertiary degree",FIN,32.464566251525255,0.06313133052799458,0.00460739051326649,0.001826473607470965,10.67776076072027,0.5767540403311955,0.17988747344521105,0.045137211925607774,Blank check,0.75,same_share,0.0013698552056032238,0.75,0.03385290894420583,0.047348497895995934,0.4325655302483966
C,f=0;b=1;l=1;c=0;e=0,f=1;b=0;l=0;c=1;e=1,"Foreign-born, non-native speaker, man without children, no tertiary degree","Native-born, native speaker, mother, tertiary degree",FRA,32.464566251525255,0.20390428644833491,0.007052802965676704,0.005985168467971589,10.67776076072027,0.8053288229911573,0.13117317865640668,0.06557274649807784,Blank check,0.75,same_share,0.004488876350978692,0.75,0.04917955987355838,0.1529282148362512,0.603996617243368
C,f=0;b=1;l=1;c=0;e=0,f=1;b=0;l=0;c=1;e=1,"Foreign-born, non-native speaker, man without children, no tertiary degree","Native-born, native speaker, mother, tertiary degree",GBR,32.464566251525255,0.11074242670855483,0.006737378798911235,0.0034338485659136764,10.67776076072027,0.344285040698594,0.0997884090964526,0.032903648543276924,Blank check,0.75,same_share,0.002575386424435257,0.75,0.02467773640745769,0.08305682003141612,0.2582137805239455
C,f=0;b=1;l=1;c=0;e=0,f=1;b=0;l=0;c=1;e=1,"Foreign-born, non-native speaker, man without children, no tertiary degree","Native-born, native speaker, mother, tertiary degree",HRV,32.464566251525255,0.027078675398854557,0.0015958991184130227,0.0015958991184130227,10.67776076072027,0,0.10350896717193249,0.0627588630047227,Blank check,0.75,same_share,0.001196924338809767,0.75,0.047069147253542026,0.020309006549140918,0
C,f=0;b=1;l=1;c=0;e=0,f=1;b=0;l=0;c=1;e=1,"Foreign-born, non-native speaker, man without children, no tertiary degree","Native-born, native speaker, mother, tertiary degree",HUN,32.464566251525255,0.007764112619923935,4.793261945374396e-4,2.2030122660869733e-4,10.67776076072027,0.9497982266712484,0.12518757020404334,0.07058359141528392,Blank check,0.75,same_share,1.65225919956523e-4,0.75,0.05293769356146294,0.005823084464942951,0.7123486700034363
C,f=0;b=1;l=1;c=0;e=0,f=1;b=0;l=0;c=1;e=1,"Foreign-born, non-native speaker, man without children, no tertiary degree","Native-born, native speaker, mother, tertiary degree",IRL,32.464566251525255,0.14476912969865907,0.008354807936040178,0.004856476793755189,10.67776076072027,0.29724815778189395,0.10954967039590391,0.03705092772156581,Blank check,0.75,same_share,0.0036423575953163922,0.75,0.027788195791174357,0.1085768472739943,0.22293611833642046
C,f=0;b=1;l=1;c=0;e=0,f=1;b=0;l=0;c=1;e=1,"Foreign-born, non-native speaker, man without children, no tertiary degree","Native-born, native speaker, mother, tertiary degree",ISR,32.464566251525255,0.43210847737987024,0.012634360979818097,0.010688686135623612,10.67776076072027,1.395084937093202,0.13918061763354608,0.0748439723718173,Blank check,0.75,same_share,0.00801651460171771,0.75,0.056132979278862974,0.3240813580349027,1.0463137028199014
C,f=0;b=1;l=1;c=0;e=0,f=1;b=0;l=0;c=1;e=1,"Foreign-born, non-native speaker, man without children, no tertiary degree","Native-born, native speaker, mother, tertiary degree",ITA,32.464566251525255,0.3883142722226012,0.014887510662495615,0.01277724839526802,10.67776076072027,0.219265396475663,0.054186803322308796,0.025483334768902754,Blank check,0.75,same_share,0.009582936296451015,0.75,0.019112501076677064,0.2912357041669509,0.16444904735674726
C,f=0;b=1;l=1;c=0;e=0,f=1;b=0;l=0;c=1;e=1,"Foreign-born, non-native speaker, man without children, no tertiary degree","Native-born, native speaker, mother, tertiary degree",JPN,32.464566251525255,0,0,0,10.67776076072027,0.6911372718614075,0.1606318945880096,0.0908612205151805,Blank check,0.75,same_share,0,0.75,0.06814591538638537,0,0.5183529538960556
C,f=0;b=1;l=1;c=0;e=0,f=1;b=0;l=0;c=1;e=1,"Foreign-born, non-native speaker, man without children, no tertiary degree","Native-born, native speaker, mother, tertiary degree",KOR,32.464566251525255,0.002833189689340543,1.1806126114470477e-4,1.1806126114470477e-4,10.67776076072027,0.2752947113187929,0.1618716696198861,0.12452165489300072,Blank check,0.75,same_share,8.854594585852859e-5,0.75,0.09339124116975055,0.002124892267005407,0.20647103348909468
C,f=0;b=1;l=1;c=0;e=0,f=1;b=0;l=0;c=1;e=1,"Foreign-born, non-native speaker, man without children, no tertiary degree","Native-born, native speaker, mother, tertiary degree",LTU,32.464566251525255,0.021184950100661126,8.277746896687093e-4,8.277746896687093e-4,10.67776076072027,0.34979067782023776,0.18271635665243655,0.09190875610293091,Blank check,0.75,same_share,6.20831017251532e-4,0.75,0.06893156707719818,0.015888712575495845,0.2623430083651783
C,f=0;b=1;l=1;c=0;e=0,f=1;b=0;l=0;c=1;e=1,"Foreign-born, non-native speaker, man without children, no tertiary degree","Native-born, native speaker, mother, tertiary degree",LVA,32.464566251525255,0.015611730125243639,5.303456120395695e-4,5.303456120395695e-4,10.67776076072027,0.42636029871701453,0.17426471116041545,0.055732692392939716,Blank check,0.75,same_share,3.9775920902967716e-4,0.75,0.04179951929470479,0.01170879759393273,0.3197702240377609
C,f=0;b=1;l=1;c=0;e=0,f=1;b=0;l=0;c=1;e=1,"Foreign-born, non-native speaker, man without children, no tertiary degree","Native-born, native speaker, mother, tertiary degree",NOR,32.464566251525255,0.1301241233375663,0.01579299197145524,0.004885649983856476,10.67776076072027,0.26079257948191525,0.18795914169081132,0.053803420542593856,Blank check,0.75,same_share,0.003664237487892357,0.75,0.040352565406945394,0.09759309250317472,0.19559443461143644
C,f=0;b=1;l=1;c=0;e=0,f=1;b=0;l=0;c=1;e=1,"Foreign-born, non-native speaker, man without children, no tertiary degree","Native-born, native speaker, mother, tertiary degree",NZL,32.464566251525255,0.19564720745160002,0.007560241063460297,0.004513373128792102,10.67776076072027,0.6313273297261048,0.10008044374304458,0.029280267356245702,Blank check,0.75,same_share,0.0033850298465940764,0.75,0.021960200517184277,0.14673540558870002,0.4734954972945786
C,f=0;b=1;l=1;c=0;e=0,f=1;b=0;l=0;c=1;e=1,"Foreign-born, non-native speaker, man without children, no tertiary degree","Native-born, native speaker, mother, tertiary degree",POL,32.464566251525255,0.004941622079542185,1.551792093051223e-4,1.551792093051223e-4,10.67776076072027,0.7439486307136747,0.12137506860284554,0.07396726654685093,Blank check,0.75,same_share,1.1638440697884173e-4,0.75,0.0554754499101382,0.0037062165596566388,0.557961473035256
C,f=0;b=1;l=1;c=0;e=0,f=1;b=0;l=0;c=1;e=1,"Foreign-born, non-native speaker, man without children, no tertiary degree","Native-born, native speaker, mother, tertiary degree",PRT,32.464566251525255,0.02040408606202959,0.0010686574441454392,5.578456101791039e-4,10.67776076072027,0.33213774337659174,0.06957385392889372,0.022457251383032173,Blank check,0.75,same_share,4.1838420763432797e-4,0.75,0.01684293853727413,0.015303064546522194,0.2491033075324438
C,f=0;b=1;l=1;c=0;e=0,f=1;b=0;l=0;c=1;e=1,"Foreign-born, non-native speaker, man without children, no tertiary degree","Native-born, native speaker, mother, tertiary degree",SGP,32.464566251525255,0.11466018070760242,0.006711613952164666,0.0039775344513001765,10.67776076072027,0.15130136623525914,0.04950489060841074,0.021491234830567273,Blank check,0.75,same_share,0.0029831508384751326,0.75,0.016118426122925453,0.08599513553070182,0.11347602467644435
C,f=0;b=1;l=1;c=0;e=0,f=1;b=0;l=0;c=1;e=1,"Foreign-born, non-native speaker, man without children, no tertiary degree","Native-born, native speaker, mother, tertiary degree",SVK,32.464566251525255,0.022940234042408747,0.0015852221469766922,8.051575053632498e-4,10.67776076072027,0.3227248946279815,0.10245163633868834,0.04813337504678515,Blank check,0.75,same_share,6.038681290224373e-4,0.75,0.03610003128508886,0.01720517553180656,0.2420436709709861
C,f=0;b=1;l=1;c=0;e=0,f=1;b=0;l=0;c=1;e=1,"Foreign-born, non-native speaker, man without children, no tertiary degree","Native-born, native speaker, mother, tertiary degree",SWE,32.464566251525255,0.43727318790774916,0.020801326369575705,0.015406385496422965,10.67776076072027,0.25656010658030937,0.12151642561042025,0.03889756285415287,Blank check,0.75,same_share,0.011554789122317223,0.75,0.029173172140614653,0.32795489093081187,0.19242007993523202
C,f=0;b=1;l=1;c=0;e=0,f=1;b=0;l=0;c=1;e=1,"Foreign-born, non-native speaker, man without children, no tertiary degree","Native-born, native speaker, mother, tertiary degree",USA,32.464566251525255,0.2519014434428186,0.00889734681521419,0.005025851941721459,10.67776076072027,0.8856207004926091,0.1312696406653643,0.031256093524287626,Blank check,0.75,same_share,0.0037693889562910943,0.75,0.02344207014321572,0.18892608258211396,0.6642155253694568
