"Entity","emigrants_2024","pct_change_1990_2024","population_2024","pct_fb_stock_2024"
"Africa",45750673,132.498095576401,1291044964,3.5
"Asia",120717155,122.913324596077,4042291127,3
"Europe",61061575,24.8615766404044,928263208,6.6
"North America",31580108,139.354632993218,381464223,8.3
"Oceania",1602503,95.4841716061145,46000000,3.5
"South America",21243834,418.785333430364,662186388,3.2
"World",281955848,100.189998698064,7305249910,3.9
